{"stats":{"minecraft:crafted":{"minecraft:oak_planks":20,"minecraft:wooden_pickaxe":1,"minecraft:cooked_chicken":3,"minecraft:iron_sword":1,"minecraft:furnace":1,"minecraft:stone_axe":1,"minecraft:cooked_mutton":2,"minecraft:air":0,"minecraft:oak_boat":1,"minecraft:charcoal":3,"minecraft:stick":4,"minecraft:iron_ingot":2,"minecraft:stone_pickaxe":1,"minecraft:torch":8},"minecraft:mined":{"minecraft:crafting_table":6,"gravestone:gravestone":2,"minecraft:furnace":2,"minecraft:iron_ore":3,"minecraft:grass":1,"minecraft:coal_ore":28,"minecraft:lantern":1,"minecraft:dirt":3,"minecraft:stone":39},"minecraft:used":{"minecraft:cooked_mutton":3,"minecraft:stone_pickaxe":61,"minecraft:wooden_pickaxe":12,"minecraft:iron_sword":51,"minecraft:cooked_chicken":3,"minecraft:rotten_flesh":1,"minecraft:white_wool":1,"minecraft:mutton":2,"minecraft:crafting_table":4,"cataclysm:lionfish":1,"minecraft:wooden_axe":7,"minecraft:stone_axe":9,"minecraft:furnace":1,"minecraft:oak_boat":1},"minecraft:custom":{"minecraft:interact_with_furnace":20,"minecraft:mob_kills":17,"minecraft:interact_with_crafting_table":8,"minecraft:leave_game":1,"minecraft:time_since_death":4664,"minecraft:time_since_rest":5382,"minecraft:waystone_activated":1,"minecraft:sprint_one_cm":87561,"minecraft:walk_one_cm":160565,"minecraft:damage_taken":1038,"minecraft:damage_absorbed":49,"minecraft:drop":5,"minecraft:damage_dealt":2798,"minecraft:swim_one_cm":34457,"minecraft:fly_one_cm":58477,"minecraft:player_kills":1,"minecraft:open_chest":1,"minecraft:crouch_one_cm":6113,"minecraft:play_time":36321,"minecraft:deaths":2,"minecraft:sneak_time":1075,"minecraft:walk_under_water_one_cm":12764,"minecraft:boat_one_cm":286905,"minecraft:jump":304,"minecraft:walk_on_water_one_cm":9168,"minecraft:total_world_time":36321,"minecraft:fall_one_cm":4269},"minecraft:dropped":{"minecraft:rotten_flesh":9,"gravestone:obituary":2},"minecraft:killed_by":{"mythicmounts:archelon":1,"minecraft:player":1},"minecraft:picked_up":{"minecraft:wooden_axe":1,"minecraft:charcoal":2,"minecraft:crafting_table":6,"minecraft:feather":3,"minecraft:chicken":3,"minecraft:lead":1,"minecraft:oak_log":12,"minecraft:string":4,"minecraft:dirt":6,"minecraft:lantern":1,"minecraft:cooked_mutton":1,"minecraft:bone":4,"dynamictrees:oak_seed":5,"minecraft:furnace":2,"minecraft:stick":21,"minecraft:raw_iron":2,"cataclysm:lionfish":1,"minecraft:arrow":2,"minecraft:rotten_flesh":10,"minecraft:mutton":4,"minecraft:coal":28,"minecraft:white_wool":2,"minecraft:cobblestone":40},"minecraft:killed":{"minecraft:spider":2,"minecraft:sheep":2,"minecraft:skeleton":3,"minecraft:zombie":6,"minecraft:chicken":3,"minecraft:drowned":1}},"DataVersion":3465}