{"stats":{"minecraft:mined":{"biomesoplenty:watergrass":4,"minecraft:spruce_planks":1,"minecraft:dark_oak_fence":2,"minecraft:potted_dead_bush":1,"minecraft:ladder":1,"minecraft:granite":1,"gravestone:gravestone":6,"minecraft:spruce_fence":1,"minecraft:jungle_planks":1,"minecraft:spawner":7,"biomesoplenty:willow_planks":2,"minecraft:hay_block":8,"minecraft:furnace":2,"minecraft:iron_ore":20,"minecraft:fire":8,"dynamictrees:jungle_root":7,"minecraft:andesite":1,"minecraft:dark_oak_stairs":1,"biomesoplenty:sea_oats":1,"minecraft:vine":1,"minecraft:iron_bars":4,"minecraft:lantern":1,"minecraft:bamboo":2,"minecraft:stone":124,"biomesoplenty:rose_quartz_cluster":1,"minecraft:white_wool":12,"minecraft:red_bed":2,"biomesoplenty:black_sand":2,"dynamictrees:cocoa":2,"minecraft:crafting_table":10,"biomesoplenty:black_sandstone":7,"minecraft:torch":1,"minecraft:melon":57,"minecraft:nether_quartz_ore":2,"minecraft:cobblestone":75,"biomesoplenty:sprout":2,"minecraft:sugar_cane":4,"biomesoplenty:willow_log":10,"minecraft:wall_torch":7,"minecraft:seagrass":1,"minecraft:dark_oak_slab":2,"biomesoplenty:waterlily":10,"minecraft:grass":17,"minecraft:coal_ore":28,"minecraft:oak_log":1,"minecraft:dirt":3,"minecraft:sand":16,"minecraft:cobweb":60,"minecraft:stone_bricks":1,"minecraft:mossy_stone_bricks":1,"biomesoplenty:reed":2,"minecraft:fern":23,"minecraft:dark_oak_planks":5},"minecraft:dropped":{"minecraft:nether_brick_stairs":1,"minecraft:enchanted_book":1,"minecraft:soul_sand":2,"minecraft:dark_oak_stairs":5,"minecraft:wheat_seeds":6,"dtbop:willow_seed":4,"minecraft:oak_log":1,"dynamictrees:cocoa_seed":1,"minecraft:mossy_cobblestone":1,"minecraft:glass_bottle":1,"minecraft:diamond":3,"minecraft:dark_oak_slab":15,"biomesoplenty:black_sand":2,"minecraft:iron_helmet":2,"minecraft:feather":12,"minecraft:cobblestone":64,"minecraft:leather":2,"biomesoplenty:rose_quartz_chunk":8,"biomesoplenty:willow_log":8,"minecraft:saddle":1,"minecraft:stripped_jungle_log":2,"minecraft:spruce_door":1,"minecraft:leather_helmet":1,"paraglider:spirit_orb":5,"minecraft:flint":1,"minecraft:diamond_horse_armor":1,"minecraft:red_bed":1,"dynamictrees:jungle_seed":3,"minecraft:gray_wool":1,"minecraft:dark_oak_fence":2,"minecraft:torch":29,"minecraft:wooden_axe":1,"minecraft:nether_wart_block":2,"minecraft:melon_slice":2,"minecraft:dead_bush":1,"minecraft:potion":2,"minecraft:iron_leggings":1,"gravestone:obituary":7,"minecraft:iron_pickaxe":1,"minecraft:chainmail_leggings":4,"minecraft:string":31,"minecraft:dark_oak_planks":1,"minecraft:lily_pad":3,"minecraft:white_wool":2,"epicfight:stray_pants":1,"minecraft:bone":10,"biomesoplenty:waterlily":5,"minecraft:furnace":3,"minecraft:sugar_cane":22,"minecraft:stone_sword":1,"minecraft:raw_copper":3,"minecraft:rotten_flesh":27,"minecraft:black_terracotta":2,"minecraft:oak_planks":5,"minecraft:iron_boots":4,"minecraft:oak_sign":1,"minecraft:nether_bricks":6,"minecraft:spruce_fence":1,"minecraft:big_dripleaf":1,"minecraft:shield":2,"minecraft:gunpowder":11,"minecraft:spruce_planks":4,"minecraft:skeleton_skull":2,"minecraft:andesite":27,"minecraft:iron_chestplate":2,"minecraft:charcoal":13,"minecraft:jungle_log":15,"minecraft:leather_boots":1,"minecraft:golden_leggings":2,"minecraft:ladder":4,"minecraft:chainmail_boots":2,"minecraft:spider_eye":7,"minecraft:bamboo":13,"minecraft:iron_bars":6,"biomesoplenty:willow_planks":3,"minecraft:bow":1,"minecraft:beef":7,"minecraft:wooden_pickaxe":1,"minecraft:quartz":41,"epicfight:skillbook":1},"minecraft:broken":{"minecraft:chainmail_leggings":1,"minecraft:flint_and_steel":1,"minecraft:stone_pickaxe":1,"minecraft:stone_axe":1,"minecraft:iron_sword":2},"minecraft:killed":{"minecraft:cave_spider":4,"mythicmounts:courierbird":2,"minecraft:vindicator":1,"minecraft:spider":5,"minecraft:dolphin":2,"minecraft:skeleton":55,"minecraft:chicken":6,"minecraft:silverfish":1,"minecraft:drowned":1,"minecraft:parrot":1,"minecraft:pig":2,"minecraft:creeper":1,"minecraft:sheep":9,"minecraft:pillager":2,"minecraft:zombie":19,"minecraft:stray":3,"minecraft:wither_skeleton":3,"minecraft:cow":3},"minecraft:crafted":{"minecraft:oak_planks":20,"biomesoplenty:willow_boat":1,"minecraft:cooked_chicken":3,"minecraft:furnace":2,"minecraft:cooked_mutton":2,"minecraft:flint_and_steel":1,"minecraft:glass":12,"minecraft:iron_boots":1,"minecraft:stone_pickaxe":2,"minecraft:wheat":72,"minecraft:diamond_sword":1,"minecraft:diamond_axe":1,"minecraft:crafting_table":4,"travelersbackpack:backpack_tank":2,"minecraft:wooden_pickaxe":1,"minecraft:iron_sword":3,"biomesoplenty:willow_planks":20,"minecraft:stone_axe":1,"minecraft:air":0,"minecraft:bread":24,"minecraft:jungle_planks":36,"minecraft:oak_boat":1,"minecraft:white_wool":4,"minecraft:iron_chestplate":1,"minecraft:charcoal":9,"minecraft:stick":12,"minecraft:iron_ingot":15,"minecraft:stone_sword":1,"minecraft:white_bed":1,"minecraft:torch":176},"minecraft:custom":{"minecraft:mob_kills":122,"minecraft:interact_with_crafting_table":31,"minecraft:open_barrel":10,"minecraft:leave_game":3,"minecraft:time_since_death":111780,"minecraft:climb_one_cm":44178,"minecraft:sprint_one_cm":934989,"minecraft:walk_one_cm":998879,"minecraft:drop":155,"minecraft:play_time":221947,"minecraft:sneak_time":19174,"minecraft:deaths":5,"minecraft:walk_under_water_one_cm":47632,"minecraft:boat_one_cm":574956,"minecraft:jump":3226,"minecraft:walk_on_water_one_cm":89346,"minecraft:total_world_time":221947,"minecraft:interact_with_furnace":46,"minecraft:sleep_in_bed":6,"minecraft:time_since_rest":65526,"minecraft:waystone_activated":1,"minecraft:damage_taken":5951,"minecraft:damage_absorbed":2051,"minecraft:damage_dealt":43104,"minecraft:player_kills":2,"minecraft:swim_one_cm":178228,"minecraft:fly_one_cm":1072410,"minecraft:open_chest":79,"minecraft:crouch_one_cm":75931,"minecraft:interact_with_smoker":1,"minecraft:fall_one_cm":74147,"minecraft:horse_one_cm":3825},"minecraft:picked_up":{"minecraft:wooden_axe":1,"minecraft:charcoal":5,"minecraft:iron_chestplate":1,"minecraft:crafting_table":9,"minecraft:chicken":6,"minecraft:chainmail_boots":3,"minecraft:flower_pot":1,"minecraft:ladder":4,"minecraft:leather_leggings":1,"minecraft:lead":3,"minecraft:enchanted_book":2,"gravestone:obituary":3,"minecraft:golden_sword":1,"minecraft:shield":1,"epicfight:stray_pants":1,"minecraft:string":72,"minecraft:red_bed":3,"minecraft:raw_copper":3,"minecraft:iron_leggings":3,"minecraft:oak_sign":1,"biomesoplenty:willow_planks":2,"biomesoplenty:black_sand":4,"minecraft:spruce_planks":6,"minecraft:beef":7,"minecraft:oak_boat":4,"dynamictrees:oak_seed":5,"minecraft:iron_pickaxe":1,"minecraft:melon_slice":309,"minecraft:sugar_cane":19,"dynamictrees:cocoa_seed":1,"minecraft:iron_boots":3,"minecraft:furnace":3,"minecraft:tipped_arrow":4,"minecraft:raw_iron":18,"minecraft:stick":62,"minecraft:big_dripleaf":1,"minecraft:torch":5,"minecraft:spruce_fence":1,"minecraft:porkchop":12,"epicfight:skillbook":3,"minecraft:dark_oak_planks":6,"minecraft:tnt":1,"minecraft:arrow":42,"minecraft:diamond_chestplate":1,"minecraft:rotten_flesh":28,"biomesoplenty:rose_quartz_chunk":8,"minecraft:nether_bricks":6,"minecraft:diamond_boots":1,"minecraft:hay_block":8,"minecraft:saddle":1,"minecraft:mutton":16,"minecraft:iron_bars":17,"minecraft:cobblestone":198,"minecraft:cod":6,"minecraft:white_wool":13,"biomesoplenty:black_sandstone":7,"minecraft:feather":13,"minecraft:cooked_beef":1,"minecraft:jungle_log":42,"minecraft:andesite":28,"minecraft:leather":2,"minecraft:brown_wool":1,"minecraft:golden_leggings":2,"paraglider:spirit_orb":16,"minecraft:flint":5,"minecraft:oak_log":14,"minecraft:lily_pad":3,"minecraft:nether_wart_block":2,"minecraft:gunpowder":6,"minecraft:dirt":6,"minecraft:lantern":1,"minecraft:leather_boots":3,"minecraft:cooked_mutton":1,"minecraft:bone":41,"dtbop:willow_seed":5,"minecraft:bow":1,"minecraft:wheat_seeds":6,"minecraft:iron_ingot":2,"minecraft:diamond_helmet":1,"minecraft:bamboo":13,"minecraft:glass_bottle":1,"minecraft:iron_sword":2,"minecraft:soul_sand":2,"minecraft:dark_oak_stairs":6,"biomesoplenty:waterlily":10,"minecraft:black_terracotta":2,"minecraft:dark_oak_slab":17,"minecraft:quartz":41,"minecraft:sand":16,"biomesoplenty:willow_boat":1,"minecraft:nether_brick_stairs":1,"minecraft:dead_bush":1,"minecraft:leather_helmet":1,"minecraft:spruce_door":1,"minecraft:jungle_slab":1,"minecraft:dark_oak_log":1,"minecraft:mossy_cobblestone":1,"minecraft:stripped_jungle_log":2,"cataclysm:lionfish":1,"biomesoplenty:willow_log":79,"minecraft:diamond":8,"minecraft:chainmail_leggings":5,"dynamictrees:jungle_seed":3,"minecraft:iron_helmet":2,"minecraft:granite":1,"minecraft:golden_apple":1,"minecraft:gray_wool":1,"minecraft:emerald":3,"minecraft:dark_oak_fence":2,"minecraft:coal":29,"minecraft:diamond_pickaxe":1},"minecraft:used":{"minecraft:iron_bars":2,"minecraft:stone_sword":1,"minecraft:flint_and_steel":64,"minecraft:iron_sword":674,"minecraft:cooked_chicken":3,"minecraft:rotten_flesh":1,"minecraft:torch":57,"minecraft:dirt":6,"minecraft:mutton":14,"minecraft:jungle_planks":14,"biomesoplenty:black_sandstone":7,"minecraft:granite":1,"biomesoplenty:willow_boat":1,"minecraft:dark_oak_planks":1,"minecraft:wooden_axe":7,"minecraft:dark_oak_slab":2,"minecraft:iron_boots":1,"minecraft:furnace":2,"minecraft:cooked_beef":1,"biomesoplenty:black_sand":1,"minecraft:cooked_mutton":3,"epicfight:skillbook":5,"biomesoplenty:willow_log":2,"minecraft:stone_pickaxe":251,"biomesoplenty:willow_planks":6,"minecraft:wooden_pickaxe":12,"minecraft:diamond_axe":75,"minecraft:leather_boots":1,"minecraft:white_wool":3,"minecraft:sand":1,"minecraft:tnt":3,"minecraft:crafting_table":12,"minecraft:red_bed":2,"minecraft:white_bed":1,"minecraft:cod":6,"cataclysm:lionfish":1,"minecraft:oak_log":1,"dtbop:willow_seed":1,"minecraft:flower_pot":1,"minecraft:diamond_pickaxe":16,"minecraft:apple":1,"minecraft:chicken":3,"minecraft:melon_slice":215,"minecraft:bread":27,"minecraft:iron_pickaxe":4,"minecraft:stone_axe":93,"minecraft:diamond_sword":447,"minecraft:cobblestone":118,"minecraft:porkchop":12,"minecraft:andesite":1,"minecraft:oak_boat":5,"minecraft:splash_potion":1},"minecraft:killed_by":{"minecraft:player":1,"mythicmounts:archelon":1}},"DataVersion":3465}