{"stats":{"minecraft:broken":{"minecraft:chainmail_leggings":1,"minecraft:flint_and_steel":1,"minecraft:stone_pickaxe":1,"minecraft:stone_axe":1,"minecraft:iron_sword":2},"minecraft:crafted":{"biomesoplenty:willow_boat":1,"minecraft:oak_planks":20,"minecraft:cooked_chicken":3,"minecraft:furnace":1,"minecraft:flint_and_steel":1,"minecraft:cooked_mutton":2,"minecraft:iron_boots":1,"minecraft:stone_pickaxe":2,"minecraft:wheat":72,"minecraft:diamond_sword":1,"minecraft:diamond_axe":1,"minecraft:crafting_table":3,"minecraft:wooden_pickaxe":1,"minecraft:iron_sword":3,"biomesoplenty:willow_planks":20,"minecraft:stone_axe":1,"minecraft:jungle_planks":36,"minecraft:bread":24,"minecraft:air":0,"minecraft:oak_boat":1,"minecraft:white_wool":4,"minecraft:iron_chestplate":1,"minecraft:charcoal":9,"minecraft:stick":12,"minecraft:iron_ingot":15,"minecraft:stone_sword":1,"minecraft:white_bed":1,"minecraft:torch":176},"minecraft:used":{"minecraft:iron_bars":2,"minecraft:stone_sword":1,"minecraft:flint_and_steel":64,"minecraft:iron_sword":674,"minecraft:cooked_chicken":3,"minecraft:rotten_flesh":1,"minecraft:torch":57,"minecraft:dirt":6,"minecraft:mutton":2,"minecraft:jungle_planks":6,"biomesoplenty:willow_boat":1,"minecraft:granite":1,"biomesoplenty:black_sandstone":7,"minecraft:wooden_axe":7,"minecraft:dark_oak_planks":1,"minecraft:dark_oak_slab":2,"minecraft:iron_boots":1,"minecraft:furnace":1,"minecraft:cooked_beef":1,"biomesoplenty:black_sand":1,"minecraft:cooked_mutton":3,"epicfight:skillbook":5,"biomesoplenty:willow_log":2,"minecraft:stone_pickaxe":251,"biomesoplenty:willow_planks":6,"minecraft:wooden_pickaxe":12,"minecraft:leather_boots":1,"minecraft:diamond_axe":39,"minecraft:white_wool":1,"minecraft:sand":1,"minecraft:tnt":3,"minecraft:crafting_table":11,"minecraft:red_bed":2,"minecraft:white_bed":1,"minecraft:cod":6,"cataclysm:lionfish":1,"minecraft:oak_log":1,"dtbop:willow_seed":1,"minecraft:apple":1,"minecraft:bread":27,"minecraft:chicken":3,"minecraft:melon_slice":150,"minecraft:iron_pickaxe":4,"minecraft:stone_axe":93,"minecraft:diamond_sword":389,"minecraft:cobblestone":118,"minecraft:porkchop":8,"minecraft:andesite":1,"minecraft:oak_boat":5,"minecraft:splash_potion":1},"minecraft:mined":{"minecraft:dark_oak_planks":5,"biomesoplenty:watergrass":4,"minecraft:spruce_planks":1,"minecraft:ladder":1,"minecraft:dark_oak_fence":2,"gravestone:gravestone":6,"minecraft:granite":1,"minecraft:spruce_fence":1,"minecraft:jungle_planks":1,"biomesoplenty:willow_planks":2,"minecraft:spawner":6,"minecraft:hay_block":8,"minecraft:furnace":2,"minecraft:iron_ore":20,"minecraft:fire":8,"dynamictrees:jungle_root":7,"minecraft:andesite":1,"minecraft:dark_oak_stairs":1,"biomesoplenty:sea_oats":1,"minecraft:vine":1,"minecraft:iron_bars":4,"minecraft:lantern":1,"minecraft:bamboo":2,"minecraft:stone":111,"biomesoplenty:rose_quartz_cluster":1,"minecraft:white_wool":10,"minecraft:red_bed":2,"biomesoplenty:black_sand":2,"minecraft:torch":1,"minecraft:crafting_table":10,"biomesoplenty:black_sandstone":7,"dynamictrees:cocoa":2,"minecraft:melon":43,"minecraft:nether_quartz_ore":2,"biomesoplenty:willow_log":10,"minecraft:cobblestone":75,"biomesoplenty:sprout":2,"minecraft:sugar_cane":4,"minecraft:wall_torch":7,"minecraft:seagrass":1,"minecraft:dark_oak_slab":2,"biomesoplenty:waterlily":10,"minecraft:grass":16,"minecraft:coal_ore":28,"minecraft:oak_log":1,"minecraft:sand":1,"minecraft:dirt":3,"minecraft:cobweb":60,"biomesoplenty:reed":2,"minecraft:fern":23},"minecraft:custom":{"minecraft:mob_kills":105,"minecraft:interact_with_crafting_table":26,"minecraft:open_barrel":8,"minecraft:leave_game":2,"minecraft:time_since_death":78349,"minecraft:climb_one_cm":42703,"minecraft:sprint_one_cm":696562,"minecraft:walk_one_cm":850587,"minecraft:drop":144,"minecraft:play_time":188516,"minecraft:deaths":5,"minecraft:sneak_time":18724,"minecraft:walk_under_water_one_cm":40958,"minecraft:boat_one_cm":574956,"minecraft:jump":2643,"minecraft:walk_on_water_one_cm":79896,"minecraft:total_world_time":188516,"minecraft:interact_with_furnace":34,"minecraft:sleep_in_bed":6,"minecraft:time_since_rest":32095,"minecraft:waystone_activated":1,"minecraft:damage_taken":5167,"minecraft:damage_absorbed":1701,"minecraft:damage_dealt":39619,"minecraft:swim_one_cm":143482,"minecraft:fly_one_cm":812053,"minecraft:player_kills":2,"minecraft:open_chest":62,"minecraft:crouch_one_cm":73074,"minecraft:interact_with_smoker":1,"minecraft:fall_one_cm":62650,"minecraft:horse_one_cm":3825},"minecraft:dropped":{"minecraft:enchanted_book":1,"minecraft:soul_sand":2,"minecraft:dark_oak_stairs":5,"dtbop:willow_seed":4,"minecraft:wheat_seeds":5,"minecraft:oak_log":1,"dynamictrees:cocoa_seed":1,"minecraft:mossy_cobblestone":1,"minecraft:glass_bottle":1,"minecraft:iron_helmet":2,"biomesoplenty:black_sand":2,"minecraft:dark_oak_slab":15,"minecraft:feather":12,"minecraft:cobblestone":64,"minecraft:leather":2,"biomesoplenty:rose_quartz_chunk":8,"biomesoplenty:willow_log":8,"minecraft:saddle":1,"minecraft:spruce_door":1,"minecraft:stripped_jungle_log":2,"minecraft:leather_helmet":1,"minecraft:flint":1,"paraglider:spirit_orb":5,"minecraft:diamond_horse_armor":1,"dynamictrees:jungle_seed":3,"minecraft:red_bed":1,"minecraft:dark_oak_fence":2,"minecraft:torch":29,"minecraft:nether_wart_block":2,"minecraft:wooden_axe":1,"minecraft:melon_slice":2,"minecraft:potion":2,"minecraft:iron_leggings":1,"gravestone:obituary":7,"minecraft:iron_pickaxe":1,"minecraft:chainmail_leggings":4,"minecraft:string":31,"minecraft:dark_oak_planks":1,"minecraft:lily_pad":3,"epicfight:stray_pants":1,"minecraft:bone":4,"biomesoplenty:waterlily":5,"minecraft:furnace":3,"minecraft:sugar_cane":22,"minecraft:stone_sword":1,"minecraft:raw_copper":3,"minecraft:rotten_flesh":22,"minecraft:black_terracotta":2,"minecraft:oak_planks":5,"minecraft:iron_boots":4,"minecraft:nether_bricks":6,"minecraft:oak_sign":1,"minecraft:spruce_fence":1,"minecraft:big_dripleaf":1,"minecraft:shield":2,"minecraft:gunpowder":11,"minecraft:spruce_planks":4,"minecraft:skeleton_skull":2,"minecraft:iron_chestplate":2,"minecraft:charcoal":13,"minecraft:andesite":27,"minecraft:golden_leggings":2,"minecraft:jungle_log":15,"minecraft:chainmail_boots":2,"minecraft:leather_boots":1,"minecraft:ladder":4,"minecraft:spider_eye":7,"minecraft:bamboo":13,"minecraft:iron_bars":6,"biomesoplenty:willow_planks":3,"minecraft:beef":7,"minecraft:wooden_pickaxe":1,"minecraft:quartz":41,"epicfight:skillbook":1,"minecraft:nether_brick_stairs":1},"minecraft:killed_by":{"minecraft:player":1,"mythicmounts:archelon":1},"minecraft:picked_up":{"minecraft:wooden_axe":1,"minecraft:charcoal":5,"minecraft:iron_chestplate":1,"minecraft:crafting_table":9,"minecraft:chainmail_boots":3,"minecraft:ladder":4,"minecraft:chicken":6,"minecraft:leather_leggings":1,"minecraft:lead":3,"gravestone:obituary":3,"epicfight:stray_pants":1,"minecraft:golden_sword":1,"minecraft:shield":1,"minecraft:raw_copper":3,"minecraft:string":72,"minecraft:red_bed":3,"minecraft:iron_leggings":3,"minecraft:oak_sign":1,"biomesoplenty:willow_planks":2,"biomesoplenty:black_sand":4,"minecraft:spruce_planks":6,"minecraft:beef":7,"minecraft:oak_boat":4,"dynamictrees:oak_seed":5,"minecraft:iron_pickaxe":1,"minecraft:melon_slice":247,"minecraft:sugar_cane":19,"minecraft:iron_boots":3,"dynamictrees:cocoa_seed":1,"minecraft:furnace":3,"minecraft:tipped_arrow":4,"minecraft:raw_iron":18,"minecraft:stick":62,"minecraft:big_dripleaf":1,"minecraft:torch":5,"minecraft:porkchop":8,"minecraft:spruce_fence":1,"epicfight:skillbook":3,"minecraft:dark_oak_planks":6,"minecraft:tnt":1,"minecraft:diamond_chestplate":1,"minecraft:arrow":38,"minecraft:rotten_flesh":25,"biomesoplenty:rose_quartz_chunk":8,"minecraft:nether_bricks":6,"minecraft:diamond_boots":1,"minecraft:hay_block":8,"minecraft:saddle":1,"minecraft:mutton":4,"minecraft:iron_bars":17,"minecraft:cod":6,"minecraft:white_wool":7,"minecraft:cobblestone":185,"biomesoplenty:black_sandstone":7,"minecraft:feather":13,"minecraft:cooked_beef":1,"minecraft:jungle_log":42,"minecraft:andesite":28,"minecraft:golden_leggings":2,"minecraft:leather":2,"paraglider:spirit_orb":14,"minecraft:flint":5,"minecraft:oak_log":14,"minecraft:lily_pad":3,"minecraft:nether_wart_block":2,"minecraft:gunpowder":6,"minecraft:lantern":1,"minecraft:dirt":6,"minecraft:leather_boots":3,"minecraft:cooked_mutton":1,"minecraft:bone":35,"dtbop:willow_seed":5,"minecraft:wheat_seeds":5,"minecraft:iron_ingot":2,"minecraft:glass_bottle":1,"minecraft:diamond_helmet":1,"minecraft:bamboo":13,"minecraft:soul_sand":2,"minecraft:iron_sword":2,"minecraft:dark_oak_stairs":6,"minecraft:dark_oak_slab":17,"biomesoplenty:waterlily":10,"minecraft:black_terracotta":2,"minecraft:quartz":41,"minecraft:sand":1,"minecraft:nether_brick_stairs":1,"minecraft:leather_helmet":1,"biomesoplenty:willow_boat":1,"minecraft:mossy_cobblestone":1,"minecraft:jungle_slab":1,"minecraft:dark_oak_log":1,"minecraft:spruce_door":1,"minecraft:stripped_jungle_log":2,"cataclysm:lionfish":1,"biomesoplenty:willow_log":79,"minecraft:iron_helmet":2,"minecraft:chainmail_leggings":5,"dynamictrees:jungle_seed":3,"minecraft:granite":1,"minecraft:emerald":1,"minecraft:dark_oak_fence":2,"minecraft:coal":29,"minecraft:diamond_pickaxe":1},"minecraft:killed":{"minecraft:cave_spider":4,"mythicmounts:courierbird":2,"minecraft:spider":4,"minecraft:dolphin":2,"minecraft:skeleton":53,"minecraft:chicken":6,"minecraft:silverfish":1,"minecraft:drowned":1,"minecraft:parrot":1,"minecraft:creeper":1,"minecraft:sheep":2,"minecraft:pillager":1,"minecraft:zombie":16,"minecraft:stray":3,"minecraft:wither_skeleton":3,"minecraft:cow":3}},"DataVersion":3465}