{"stats":{"minecraft:broken":{"minecraft:chainmail_leggings":1,"minecraft:flint_and_steel":1,"minecraft:stone_pickaxe":1,"minecraft:stone_axe":1,"minecraft:iron_sword":2},"minecraft:crafted":{"minecraft:oak_planks":20,"minecraft:cooked_chicken":3,"minecraft:furnace":1,"minecraft:flint_and_steel":1,"minecraft:cooked_mutton":2,"minecraft:iron_boots":1,"minecraft:stone_pickaxe":2,"minecraft:diamond_sword":1,"minecraft:wooden_pickaxe":1,"minecraft:iron_sword":3,"minecraft:stone_axe":1,"minecraft:air":0,"minecraft:oak_boat":1,"minecraft:white_wool":4,"minecraft:iron_chestplate":1,"minecraft:charcoal":9,"minecraft:stick":12,"minecraft:iron_ingot":15,"minecraft:stone_sword":1,"minecraft:white_bed":1,"minecraft:torch":112},"minecraft:used":{"minecraft:stone_sword":1,"minecraft:flint_and_steel":64,"minecraft:iron_sword":580,"minecraft:cooked_chicken":3,"minecraft:rotten_flesh":1,"minecraft:torch":46,"minecraft:dirt":6,"minecraft:mutton":2,"minecraft:granite":1,"biomesoplenty:black_sandstone":7,"minecraft:wooden_axe":7,"minecraft:dark_oak_planks":1,"minecraft:dark_oak_slab":2,"minecraft:iron_boots":1,"minecraft:furnace":1,"minecraft:cooked_beef":1,"biomesoplenty:black_sand":1,"minecraft:cooked_mutton":3,"epicfight:skillbook":1,"minecraft:stone_pickaxe":235,"minecraft:wooden_pickaxe":12,"minecraft:white_wool":1,"minecraft:sand":1,"minecraft:tnt":3,"minecraft:crafting_table":7,"minecraft:red_bed":1,"minecraft:white_bed":1,"minecraft:cod":6,"cataclysm:lionfish":1,"minecraft:oak_log":1,"minecraft:melon_slice":100,"minecraft:stone_axe":93,"minecraft:diamond_sword":295,"minecraft:cobblestone":115,"minecraft:porkchop":8,"minecraft:andesite":1,"minecraft:oak_boat":3,"minecraft:splash_potion":1},"minecraft:mined":{"minecraft:dark_oak_planks":5,"minecraft:spruce_planks":1,"gravestone:gravestone":6,"minecraft:granite":1,"minecraft:spruce_fence":1,"minecraft:jungle_planks":1,"minecraft:spawner":1,"minecraft:furnace":2,"minecraft:iron_ore":17,"minecraft:fire":8,"dynamictrees:jungle_root":7,"minecraft:andesite":1,"minecraft:dark_oak_stairs":1,"minecraft:lantern":1,"minecraft:bamboo":2,"minecraft:stone":107,"biomesoplenty:rose_quartz_cluster":1,"minecraft:white_wool":10,"minecraft:red_bed":2,"biomesoplenty:black_sand":2,"minecraft:torch":1,"minecraft:crafting_table":9,"biomesoplenty:black_sandstone":7,"dynamictrees:cocoa":2,"minecraft:melon":14,"minecraft:nether_quartz_ore":2,"minecraft:cobblestone":75,"biomesoplenty:sprout":2,"minecraft:sugar_cane":4,"minecraft:wall_torch":7,"minecraft:seagrass":1,"minecraft:dark_oak_slab":2,"biomesoplenty:waterlily":10,"minecraft:grass":3,"minecraft:coal_ore":28,"minecraft:oak_log":1,"minecraft:sand":1,"minecraft:dirt":3,"minecraft:cobweb":60,"minecraft:fern":2},"minecraft:custom":{"minecraft:mob_kills":72,"minecraft:interact_with_crafting_table":21,"minecraft:open_barrel":8,"minecraft:leave_game":1,"minecraft:time_since_death":22154,"minecraft:climb_one_cm":216,"minecraft:sprint_one_cm":271367,"minecraft:walk_one_cm":530512,"minecraft:drop":68,"minecraft:play_time":132321,"minecraft:deaths":5,"minecraft:sneak_time":18049,"minecraft:walk_under_water_one_cm":39418,"minecraft:boat_one_cm":442881,"minecraft:jump":1583,"minecraft:walk_on_water_one_cm":67292,"minecraft:total_world_time":132321,"minecraft:interact_with_furnace":34,"minecraft:sleep_in_bed":3,"minecraft:time_since_rest":22172,"minecraft:waystone_activated":1,"minecraft:damage_taken":3384,"minecraft:damage_absorbed":256,"minecraft:damage_dealt":34090,"minecraft:swim_one_cm":136386,"minecraft:fly_one_cm":316333,"minecraft:player_kills":1,"minecraft:open_chest":13,"minecraft:crouch_one_cm":68542,"minecraft:fall_one_cm":23029},"minecraft:dropped":{"minecraft:enchanted_book":1,"minecraft:dark_oak_stairs":5,"minecraft:wheat_seeds":1,"minecraft:oak_log":1,"dynamictrees:cocoa_seed":1,"minecraft:dark_oak_slab":15,"minecraft:feather":9,"minecraft:cobblestone":64,"biomesoplenty:rose_quartz_chunk":8,"minecraft:stripped_jungle_log":2,"minecraft:flint":1,"paraglider:spirit_orb":5,"dynamictrees:jungle_seed":3,"minecraft:red_bed":1,"minecraft:torch":29,"minecraft:melon_slice":2,"minecraft:potion":2,"gravestone:obituary":7,"minecraft:chainmail_leggings":1,"minecraft:string":31,"minecraft:dark_oak_planks":1,"biomesoplenty:waterlily":5,"minecraft:stone_sword":1,"minecraft:raw_copper":3,"minecraft:rotten_flesh":13,"minecraft:black_terracotta":2,"minecraft:oak_planks":5,"minecraft:iron_boots":1,"minecraft:oak_sign":1,"minecraft:spruce_fence":1,"minecraft:gunpowder":11,"minecraft:spruce_planks":4,"minecraft:skeleton_skull":2,"minecraft:charcoal":13,"minecraft:jungle_log":15,"minecraft:spider_eye":7},"minecraft:killed_by":{"minecraft:player":1,"mythicmounts:archelon":1},"minecraft:picked_up":{"minecraft:wooden_axe":1,"minecraft:charcoal":5,"minecraft:crafting_table":8,"minecraft:chicken":3,"minecraft:lead":3,"gravestone:obituary":3,"minecraft:raw_copper":3,"minecraft:string":66,"minecraft:red_bed":3,"minecraft:oak_sign":1,"biomesoplenty:black_sand":3,"minecraft:spruce_planks":6,"minecraft:oak_boat":3,"dynamictrees:oak_seed":5,"minecraft:melon_slice":74,"minecraft:sugar_cane":8,"minecraft:iron_boots":1,"dynamictrees:cocoa_seed":1,"minecraft:furnace":3,"minecraft:raw_iron":16,"minecraft:stick":42,"minecraft:torch":5,"minecraft:porkchop":8,"minecraft:spruce_fence":1,"epicfight:skillbook":1,"minecraft:dark_oak_planks":6,"minecraft:tnt":1,"minecraft:diamond_chestplate":1,"minecraft:arrow":32,"minecraft:rotten_flesh":14,"biomesoplenty:rose_quartz_chunk":8,"minecraft:mutton":4,"minecraft:cod":6,"minecraft:white_wool":7,"minecraft:cobblestone":181,"biomesoplenty:black_sandstone":7,"minecraft:feather":10,"minecraft:cooked_beef":1,"minecraft:jungle_log":42,"minecraft:andesite":28,"paraglider:spirit_orb":2,"minecraft:flint":2,"minecraft:oak_log":14,"minecraft:gunpowder":6,"minecraft:lantern":1,"minecraft:dirt":6,"minecraft:cooked_mutton":1,"minecraft:bone":23,"minecraft:wheat_seeds":1,"minecraft:iron_ingot":2,"minecraft:diamond_helmet":1,"minecraft:bamboo":13,"minecraft:iron_sword":2,"minecraft:dark_oak_stairs":6,"minecraft:dark_oak_slab":17,"biomesoplenty:waterlily":10,"minecraft:black_terracotta":2,"minecraft:quartz":41,"minecraft:sand":1,"minecraft:jungle_slab":1,"minecraft:dark_oak_log":1,"minecraft:stripped_jungle_log":2,"cataclysm:lionfish":1,"minecraft:chainmail_leggings":2,"dynamictrees:jungle_seed":3,"minecraft:granite":1,"minecraft:coal":28},"minecraft:killed":{"minecraft:cave_spider":1,"minecraft:spider":2,"minecraft:dolphin":2,"minecraft:skeleton":50,"minecraft:chicken":3,"minecraft:silverfish":1,"minecraft:drowned":1,"minecraft:parrot":1,"minecraft:creeper":1,"minecraft:sheep":2,"minecraft:zombie":8}},"DataVersion":3465}