{"stats":{"minecraft:mined":{"minecraft:spruce_planks":1,"minecraft:potted_dead_bush":1,"minecraft:granite":1,"minecraft:spawner":8,"minecraft:iron_ore":20,"minecraft:fire":8,"dynamictrees:jungle_root":7,"minecraft:dark_oak_stairs":1,"minecraft:iron_bars":4,"minecraft:red_bed":2,"minecraft:torch":1,"biomesoplenty:black_sandstone":7,"minecraft:melon":57,"minecraft:nether_quartz_ore":2,"minecraft:cobblestone":75,"minecraft:sugar_cane":4,"minecraft:wall_torch":7,"minecraft:seagrass":1,"minecraft:dark_oak_slab":2,"biomesoplenty:waterlily":10,"minecraft:grass":17,"minecraft:oak_log":1,"minecraft:sand":16,"minecraft:dirt":3,"biomesoplenty:reed":2,"biomesoplenty:watergrass":4,"gravestone:gravestone":6,"minecraft:ladder":1,"minecraft:dark_oak_fence":2,"minecraft:spruce_fence":1,"minecraft:jungle_planks":1,"biomesoplenty:willow_planks":2,"minecraft:hay_block":8,"minecraft:furnace":2,"minecraft:andesite":1,"minecraft:gold_block":1,"biomesoplenty:sea_oats":1,"minecraft:vine":1,"minecraft:lantern":1,"minecraft:bamboo":2,"minecraft:stone":124,"biomesoplenty:rose_quartz_cluster":1,"minecraft:white_wool":12,"biomesoplenty:black_sand":2,"minecraft:crafting_table":10,"dynamictrees:cocoa":2,"biomesoplenty:sprout":2,"biomesoplenty:willow_log":10,"minecraft:coal_ore":28,"minecraft:cobweb":60,"minecraft:stone_bricks":1,"minecraft:mossy_stone_bricks":1,"minecraft:fern":23,"minecraft:dark_oak_planks":5},"minecraft:dropped":{"minecraft:nether_brick_stairs":1,"minecraft:soul_sand":2,"minecraft:dark_oak_stairs":5,"dtbop:willow_seed":4,"minecraft:oak_log":1,"dynamictrees:cocoa_seed":1,"minecraft:glass_bottle":1,"minecraft:diamond":3,"minecraft:dark_oak_slab":15,"biomesoplenty:black_sand":2,"minecraft:leather":2,"biomesoplenty:rose_quartz_chunk":8,"biomesoplenty:willow_log":8,"minecraft:saddle":1,"minecraft:leather_helmet":1,"paraglider:spirit_orb":5,"minecraft:flint":1,"dynamictrees:jungle_seed":3,"minecraft:red_bed":1,"minecraft:dark_oak_fence":2,"gravestone:obituary":8,"minecraft:iron_pickaxe":1,"minecraft:dark_oak_planks":1,"minecraft:white_wool":2,"minecraft:bone":18,"minecraft:sugar_cane":22,"mowziesmobs:umvuthana_mask_rage":1,"minecraft:black_terracotta":2,"minecraft:rotten_flesh":27,"minecraft:oak_planks":5,"minecraft:gunpowder":11,"minecraft:skeleton_skull":2,"minecraft:charcoal":13,"minecraft:jungle_log":15,"minecraft:leather_boots":1,"minecraft:chainmail_boots":2,"minecraft:ladder":4,"minecraft:iron_bars":6,"minecraft:beef":7,"minecraft:quartz":41,"minecraft:enchanted_book":1,"minecraft:wheat_seeds":6,"minecraft:mossy_cobblestone":1,"minecraft:feather":17,"minecraft:iron_helmet":2,"minecraft:cobblestone":64,"dynamictrees:mangrove_seed":1,"minecraft:spruce_door":1,"minecraft:stripped_jungle_log":2,"minecraft:diamond_horse_armor":1,"minecraft:gray_wool":1,"minecraft:torch":29,"minecraft:nether_wart_block":2,"minecraft:wooden_axe":1,"minecraft:melon_slice":2,"minecraft:iron_leggings":1,"minecraft:potion":2,"minecraft:dead_bush":1,"minecraft:chainmail_leggings":4,"minecraft:string":31,"minecraft:lily_pad":14,"epicfight:stray_pants":1,"biomesoplenty:waterlily":7,"minecraft:furnace":3,"minecraft:stone_sword":1,"minecraft:raw_copper":3,"minecraft:iron_boots":4,"minecraft:spruce_fence":1,"minecraft:nether_bricks":6,"minecraft:oak_sign":1,"minecraft:big_dripleaf":1,"minecraft:shield":2,"minecraft:spruce_planks":4,"minecraft:iron_chestplate":2,"minecraft:andesite":27,"minecraft:golden_leggings":2,"minecraft:spider_eye":7,"minecraft:bamboo":13,"biomesoplenty:willow_planks":3,"minecraft:bow":1,"minecraft:wooden_pickaxe":1,"epicfight:skillbook":1},"minecraft:broken":{"minecraft:stone_pickaxe":1,"minecraft:stone_axe":1,"minecraft:iron_sword":2,"minecraft:chainmail_leggings":1,"minecraft:flint_and_steel":1},"minecraft:killed":{"minecraft:cave_spider":4,"mythicmounts:courierbird":2,"minecraft:spider":5,"minecraft:dolphin":2,"minecraft:skeleton":55,"minecraft:chicken":6,"minecraft:silverfish":1,"minecraft:parrot":1,"minecraft:pig":2,"dungeonsweaponry:nameless_one":1,"minecraft:creeper":1,"minecraft:sheep":9,"minecraft:pillager":7,"minecraft:zombie":22,"minecraft:stray":3,"mowziesmobs:umvuthana_raptor":1,"minecraft:cow":3,"dungeonsweaponry:vanguard":4,"minecraft:vindicator":2,"minecraft:drowned":1,"minecraft:bat":1,"mowziesmobs:umvuthana_follower_raptor":2,"minecraft:wither_skeleton":3},"minecraft:crafted":{"minecraft:oak_planks":20,"minecraft:cooked_chicken":3,"minecraft:cooked_mutton":2,"minecraft:glass":12,"minecraft:iron_boots":1,"minecraft:diamond_axe":1,"minecraft:crafting_table":4,"minecraft:jungle_boat":1,"minecraft:wooden_pickaxe":1,"minecraft:iron_chestplate":1,"minecraft:charcoal":9,"minecraft:stick":12,"minecraft:iron_ingot":15,"minecraft:stone_sword":1,"minecraft:gold_ingot":9,"biomesoplenty:willow_boat":1,"minecraft:furnace":2,"minecraft:flint_and_steel":1,"minecraft:stone_pickaxe":2,"minecraft:wheat":72,"minecraft:diamond_sword":1,"travelersbackpack:backpack_tank":2,"minecraft:iron_sword":3,"minecraft:stone_axe":1,"biomesoplenty:willow_planks":20,"minecraft:bread":24,"minecraft:air":0,"minecraft:jungle_planks":36,"minecraft:oak_boat":1,"minecraft:white_wool":4,"minecraft:white_bed":1,"minecraft:torch":176},"minecraft:custom":{"minecraft:interact_with_crafting_table":32,"minecraft:open_barrel":10,"minecraft:leave_game":3,"minecraft:time_since_death":141780,"minecraft:sprint_one_cm":1092932,"minecraft:drop":178,"minecraft:play_time":251947,"minecraft:deaths":5,"minecraft:jump":3697,"minecraft:walk_on_water_one_cm":109928,"minecraft:interact_with_furnace":46,"minecraft:sleep_in_bed":6,"minecraft:waystone_activated":2,"minecraft:damage_dealt":48164,"minecraft:player_kills":2,"minecraft:crouch_one_cm":77760,"minecraft:interact_with_smoker":1,"minecraft:horse_one_cm":3825,"minecraft:mob_kills":140,"minecraft:climb_one_cm":44430,"minecraft:walk_one_cm":1091222,"minecraft:sneak_time":19455,"minecraft:walk_under_water_one_cm":64268,"minecraft:boat_one_cm":817122,"minecraft:total_world_time":251947,"minecraft:time_since_rest":95526,"minecraft:damage_absorbed":2091,"minecraft:damage_taken":6770,"minecraft:swim_one_cm":280894,"minecraft:fly_one_cm":1301994,"minecraft:open_chest":92,"minecraft:fall_one_cm":83717},"minecraft:picked_up":{"minecraft:wooden_axe":1,"minecraft:iron_chestplate":1,"minecraft:chainmail_boots":3,"minecraft:flower_pot":1,"minecraft:lead":3,"minecraft:enchanted_book":2,"minecraft:golden_sword":1,"minecraft:string":72,"minecraft:raw_copper":3,"minecraft:iron_leggings":3,"minecraft:oak_sign":1,"minecraft:spruce_planks":6,"dynamictrees:oak_seed":5,"minecraft:iron_pickaxe":1,"minecraft:melon_slice":309,"minecraft:furnace":3,"minecraft:iron_boots":3,"minecraft:tipped_arrow":4,"dynamictrees:mangrove_seed":1,"minecraft:stick":63,"minecraft:big_dripleaf":1,"minecraft:torch":27,"epicfight:skillbook":3,"minecraft:porkchop":12,"minecraft:rotten_flesh":28,"biomesoplenty:rose_quartz_chunk":8,"minecraft:iron_bars":17,"minecraft:cod":6,"minecraft:cobblestone":198,"minecraft:feather":18,"minecraft:cooked_beef":1,"minecraft:andesite":28,"minecraft:jungle_log":42,"minecraft:brown_wool":1,"minecraft:golden_leggings":2,"paraglider:spirit_orb":18,"minecraft:flint":5,"minecraft:lantern":1,"minecraft:dirt":6,"minecraft:leather_boots":3,"minecraft:bone":49,"dtbop:willow_seed":5,"minecraft:bow":1,"minecraft:wheat_seeds":6,"minecraft:diamond_helmet":1,"minecraft:bamboo":13,"minecraft:black_terracotta":2,"minecraft:sand":16,"biomesoplenty:willow_boat":1,"minecraft:nether_brick_stairs":1,"minecraft:dead_bush":1,"minecraft:mossy_cobblestone":1,"minecraft:jungle_slab":1,"minecraft:dark_oak_log":1,"cataclysm:lionfish":1,"biomesoplenty:willow_log":79,"minecraft:diamond":8,"dungeonsweaponry:heartstealer":1,"minecraft:granite":1,"minecraft:golden_apple":1,"minecraft:emerald":27,"minecraft:dark_oak_fence":2,"minecraft:diamond_pickaxe":1,"minecraft:charcoal":5,"minecraft:crafting_table":9,"minecraft:ladder":4,"minecraft:chicken":6,"minecraft:leather_leggings":1,"minecraft:gold_block":1,"gravestone:obituary":4,"minecraft:shield":1,"epicfight:stray_pants":1,"minecraft:red_bed":3,"biomesoplenty:willow_planks":2,"biomesoplenty:black_sand":4,"minecraft:beef":7,"minecraft:oak_boat":4,"minecraft:sugar_cane":19,"dynamictrees:cocoa_seed":1,"minecraft:raw_iron":18,"minecraft:spruce_fence":1,"minecraft:dark_oak_planks":6,"minecraft:tnt":1,"travelersbackpack:snow":1,"minecraft:arrow":43,"minecraft:diamond_chestplate":1,"minecraft:nether_bricks":6,"minecraft:diamond_boots":1,"minecraft:hay_block":8,"minecraft:saddle":1,"minecraft:mutton":16,"minecraft:white_wool":13,"biomesoplenty:black_sandstone":7,"minecraft:jungle_boat":1,"minecraft:leather":6,"minecraft:oak_log":14,"minecraft:lily_pad":14,"minecraft:nether_wart_block":2,"minecraft:gunpowder":6,"minecraft:cooked_mutton":1,"mowziesmobs:umvuthana_mask_rage":1,"minecraft:iron_ingot":2,"minecraft:glass_bottle":1,"minecraft:soul_sand":2,"minecraft:iron_sword":2,"minecraft:dark_oak_stairs":6,"biomesoplenty:waterlily":12,"minecraft:dark_oak_slab":17,"minecraft:quartz":41,"minecraft:spruce_door":1,"minecraft:leather_helmet":1,"minecraft:stripped_jungle_log":2,"minecraft:iron_helmet":2,"minecraft:chainmail_leggings":5,"dynamictrees:jungle_seed":3,"minecraft:gray_wool":1,"dungeonsweaponry:glaive":3,"mowziesmobs:umvuthana_mask_fear":1,"minecraft:coal":29},"minecraft:used":{"minecraft:iron_sword":674,"minecraft:rotten_flesh":1,"minecraft:mutton":14,"minecraft:jungle_planks":14,"minecraft:dark_oak_slab":2,"minecraft:furnace":2,"epicfight:skillbook":6,"biomesoplenty:willow_log":2,"minecraft:stone_pickaxe":251,"dungeonsweaponry:glaive":1,"biomesoplenty:willow_planks":6,"minecraft:wooden_pickaxe":12,"minecraft:diamond_axe":89,"minecraft:jungle_boat":1,"minecraft:white_wool":5,"minecraft:golden_apple":1,"minecraft:sand":1,"cataclysm:lionfish":1,"dtbop:willow_seed":1,"minecraft:bread":27,"minecraft:melon_slice":267,"minecraft:brown_wool":1,"dungeonsweaponry:heartstealer":1,"minecraft:diamond_sword":508,"minecraft:andesite":1,"minecraft:oak_boat":5,"minecraft:iron_bars":2,"minecraft:stone_sword":1,"minecraft:flint_and_steel":64,"minecraft:cooked_chicken":3,"minecraft:torch":85,"minecraft:dirt":6,"minecraft:granite":1,"biomesoplenty:willow_boat":2,"biomesoplenty:black_sandstone":7,"minecraft:wooden_axe":7,"minecraft:dark_oak_planks":1,"minecraft:iron_boots":1,"minecraft:cooked_beef":1,"biomesoplenty:black_sand":1,"minecraft:cooked_mutton":3,"minecraft:leather_boots":1,"minecraft:tnt":3,"minecraft:crafting_table":12,"minecraft:red_bed":2,"minecraft:white_bed":1,"minecraft:cod":6,"minecraft:oak_log":1,"minecraft:flower_pot":1,"minecraft:diamond_pickaxe":18,"minecraft:apple":1,"minecraft:chicken":3,"minecraft:iron_pickaxe":4,"minecraft:stone_axe":93,"minecraft:cobblestone":118,"minecraft:porkchop":12,"minecraft:splash_potion":1},"minecraft:killed_by":{"mythicmounts:archelon":1,"minecraft:player":1}},"DataVersion":3465}