{"stats":{"minecraft:crafted":{"minecraft:acacia_planks":4},"minecraft:mined":{"biomesoplenty:desert_grass":1},"minecraft:used":{"minecraft:stone_axe":18},"minecraft:custom":{"minecraft:time_since_rest":7816,"minecraft:crouch_one_cm":1740,"minecraft:play_time":7816,"minecraft:sprint_one_cm":28635,"minecraft:walk_one_cm":38382,"minecraft:damage_taken":220,"minecraft:damage_absorbed":20,"minecraft:sneak_time":259,"minecraft:mob_kills":4,"minecraft:jump":120,"minecraft:damage_dealt":848,"minecraft:leave_game":1,"minecraft:time_since_death":7816,"minecraft:total_world_time":7816,"minecraft:fall_one_cm":2775,"minecraft:fly_one_cm":39909},"minecraft:picked_up":{"minecraft:stick":26,"minecraft:rotten_flesh":2,"minecraft:stone_axe":1,"minecraft:acacia_log":7,"dynamictrees:acacia_seed":2},"minecraft:killed":{"minecraft:husk":2,"minecraft:zombie":1}},"DataVersion":3465}