{"stats":{"minecraft:custom":{"minecraft:mob_kills":4,"minecraft:interact_with_crafting_table":3,"minecraft:open_barrel":4,"minecraft:leave_game":2,"minecraft:time_since_death":17119,"minecraft:climb_one_cm":23495,"minecraft:time_since_rest":17140,"minecraft:waystone_activated":1,"minecraft:sprint_one_cm":186416,"minecraft:walk_one_cm":193728,"minecraft:damage_taken":1130,"minecraft:damage_absorbed":648,"minecraft:trigger_trapped_chest":1,"minecraft:drop":17,"minecraft:damage_dealt":1453,"minecraft:swim_one_cm":1786,"minecraft:fly_one_cm":334693,"minecraft:open_chest":5,"minecraft:crouch_one_cm":15966,"minecraft:play_time":48229,"minecraft:deaths":2,"minecraft:sneak_time":2442,"minecraft:walk_under_water_one_cm":698,"minecraft:jump":1086,"minecraft:walk_on_water_one_cm":746,"minecraft:total_world_time":48229,"minecraft:fall_one_cm":34307},"minecraft:killed":{"minecraft:rabbit":1,"minecraft:skeleton":1,"minecraft:pillager":2},"minecraft:crafted":{"minecraft:crafting_table":1,"minecraft:wooden_pickaxe":1,"minecraft:stone_axe":1,"minecraft:stick":12,"minecraft:stone_pickaxe":1,"minecraft:stone_sword":1,"minecraft:acacia_planks":36,"minecraft:wheat":63},"minecraft:picked_up":{"minecraft:cooked_beef":11,"minecraft:dirt":3,"minecraft:moss_carpet":1,"minecraft:smooth_sandstone":3,"minecraft:bone":1,"paraglider:deku_leaf":1,"minecraft:red_sand":3,"minecraft:rabbit":1,"minecraft:stick":6,"minecraft:raw_iron":1,"minecraft:sandstone":26,"minecraft:acacia_log":9,"minecraft:sand":1,"dtbop:mahogany_seed":2,"minecraft:chiseled_sandstone":1,"minecraft:red_terracotta":12,"biomesoplenty:mahogany_log":1,"minecraft:arrow":2,"minecraft:blue_terracotta":1,"minecraft:rotten_flesh":10,"biomesoplenty:orange_sandstone":13,"minecraft:hay_block":7,"minecraft:yellow_terracotta":2,"minecraft:emerald":1,"minecraft:cobblestone":61},"minecraft:killed_by":{"dungeonsweaponry:vanguard":1},"minecraft:dropped":{"minecraft:bread":3,"minecraft:stone_sword":1,"minecraft:rotten_flesh":10,"paraglider:deku_leaf":1,"minecraft:stick":9,"gravestone:obituary":2},"minecraft:used":{"epicfight:skillbook":1,"minecraft:blue_terracotta":1,"minecraft:red_sand":3,"minecraft:stone_sword":6,"minecraft:stone_pickaxe":41,"minecraft:wooden_pickaxe":25,"minecraft:sandstone":26,"minecraft:rotten_flesh":6,"minecraft:sand":2,"minecraft:yellow_terracotta":2,"minecraft:crafting_table":1,"minecraft:chiseled_sandstone":1,"minecraft:smooth_sandstone":3,"minecraft:red_terracotta":12,"minecraft:stone_axe":16,"biomesoplenty:orange_sandstone":13,"minecraft:cobblestone":41,"minecraft:cooked_beef":8,"minecraft:acacia_planks":23},"minecraft:mined":{"biomesoplenty:desert_grass":3,"minecraft:smooth_sandstone":3,"gravestone:gravestone":2,"minecraft:red_sand":4,"minecraft:grass_block":2,"biomesoplenty:orange_sandstone":13,"minecraft:sandstone":28,"minecraft:hay_block":7,"minecraft:blue_terracotta":1,"minecraft:chiseled_sandstone":1,"minecraft:iron_ore":1,"minecraft:fire":2,"minecraft:moss_carpet":1,"minecraft:sand":1,"minecraft:dirt":1,"minecraft:stone":14}},"DataVersion":3465}