{"stats":{"minecraft:crafted":{"minecraft:stone_sword":1,"minecraft:acacia_planks":36,"minecraft:stone_axe":1,"minecraft:crafting_table":1,"minecraft:stick":12,"minecraft:wooden_pickaxe":1,"minecraft:stone_pickaxe":1},"minecraft:killed_by":{"dungeonsweaponry:vanguard":1},"minecraft:mined":{"minecraft:stone":12,"biomesoplenty:desert_grass":3,"biomesoplenty:orange_sandstone":13},"minecraft:used":{"minecraft:stone_axe":4,"biomesoplenty:orange_sandstone":13,"minecraft:crafting_table":1,"minecraft:wooden_pickaxe":25},"minecraft:picked_up":{"minecraft:stick":4,"minecraft:acacia_log":9,"biomesoplenty:orange_sandstone":13,"minecraft:cobblestone":12},"minecraft:custom":{"minecraft:time_since_rest":368,"minecraft:crouch_one_cm":8464,"minecraft:deaths":1,"minecraft:play_time":5971,"minecraft:sprint_one_cm":12393,"minecraft:damage_absorbed":40,"minecraft:damage_taken":235,"minecraft:walk_one_cm":18641,"minecraft:sneak_time":934,"minecraft:jump":67,"minecraft:damage_dealt":457,"minecraft:leave_game":1,"minecraft:time_since_death":0,"minecraft:total_world_time":5971,"minecraft:interact_with_crafting_table":3,"minecraft:fall_one_cm":894,"minecraft:fly_one_cm":17000}},"DataVersion":3465}