{"stats":{"minecraft:custom":{"minecraft:mob_kills":20,"minecraft:interact_with_crafting_table":10,"minecraft:open_barrel":10,"minecraft:leave_game":5,"minecraft:time_since_death":38918,"minecraft:climb_one_cm":40447,"minecraft:time_since_rest":39434,"minecraft:waystone_activated":2,"minecraft:sprint_one_cm":467992,"minecraft:damage_absorbed":1469,"minecraft:damage_taken":3091,"minecraft:walk_one_cm":526420,"minecraft:damage_blocked_by_shield":395,"minecraft:trigger_trapped_chest":1,"minecraft:drop":31,"minecraft:damage_dealt":5048,"minecraft:swim_one_cm":104462,"minecraft:fly_one_cm":932775,"minecraft:open_chest":26,"minecraft:crouch_one_cm":22839,"minecraft:play_time":107929,"minecraft:deaths":4,"minecraft:sneak_time":3369,"minecraft:walk_under_water_one_cm":14273,"minecraft:jump":2386,"minecraft:walk_on_water_one_cm":10907,"minecraft:total_world_time":107929,"minecraft:fall_one_cm":62324},"minecraft:killed":{"mythicmounts:moth":2,"minecraft:cave_spider":1,"minecraft:rabbit":1,"minecraft:sheep":1,"minecraft:skeleton":10,"minecraft:pillager":2,"minecraft:zombie":1,"minecraft:drowned":2},"minecraft:crafted":{"minecraft:crafting_table":3,"biomesoplenty:mahogany_planks":4,"minecraft:wooden_pickaxe":1,"minecraft:stone_axe":1,"minecraft:bread":21,"minecraft:jungle_planks":20,"minecraft:shield":1,"minecraft:stick":12,"minecraft:stone_pickaxe":1,"minecraft:stone_sword":1,"minecraft:iron_leggings":1,"minecraft:acacia_planks":36,"minecraft:wheat":63},"minecraft:picked_up":{"minecraft:cooked_beef":11,"minecraft:jungle_wood":5,"aether:iron_gloves":2,"minecraft:string":28,"minecraft:dirt":3,"minecraft:moss_carpet":1,"minecraft:smooth_sandstone":3,"minecraft:bone":11,"paraglider:deku_leaf":3,"minecraft:wheat_seeds":2,"minecraft:red_sand":3,"minecraft:rabbit":1,"minecraft:melon_slice":85,"spartanweaponry:iron_saber":1,"minecraft:raw_iron":7,"minecraft:stick":24,"minecraft:sandstone":26,"minecraft:smooth_basalt":14,"minecraft:acacia_log":9,"epicfight:skillbook":1,"minecraft:sand":1,"dtbop:mahogany_seed":2,"minecraft:chiseled_sandstone":1,"minecraft:red_terracotta":12,"biomesoplenty:mahogany_log":1,"minecraft:blue_terracotta":1,"minecraft:arrow":15,"minecraft:rotten_flesh":31,"biomesoplenty:orange_sandstone":13,"minecraft:hay_block":7,"minecraft:yellow_terracotta":2,"minecraft:bread":3,"minecraft:emerald":2,"minecraft:cobblestone":61},"minecraft:killed_by":{"minecraft:player":1,"dungeonsweaponry:vanguard":1},"minecraft:dropped":{"minecraft:bread":6,"minecraft:stone_sword":1,"minecraft:rotten_flesh":10,"spartanweaponry:iron_saber":2,"paraglider:deku_leaf":3,"minecraft:stick":13,"aether:iron_gloves":2,"minecraft:map":1,"gravestone:obituary":4},"minecraft:used":{"epicfight:skillbook":2,"minecraft:blue_terracotta":1,"minecraft:red_sand":3,"minecraft:stone_sword":6,"spartanweaponry:iron_lance":68,"minecraft:stone_pickaxe":42,"minecraft:shield":14,"minecraft:wooden_pickaxe":25,"minecraft:sandstone":26,"minecraft:iron_sword":4,"minecraft:rotten_flesh":13,"minecraft:sand":2,"minecraft:yellow_terracotta":2,"minecraft:crafting_table":3,"minecraft:crossbow":9,"minecraft:chiseled_sandstone":1,"minecraft:melon_slice":38,"minecraft:bread":21,"minecraft:iron_pickaxe":41,"minecraft:smooth_sandstone":3,"minecraft:red_terracotta":12,"minecraft:smooth_basalt":7,"minecraft:stone_axe":54,"biomesoplenty:orange_sandstone":13,"minecraft:cobblestone":47,"minecraft:cooked_beef":11,"minecraft:acacia_planks":23,"minecraft:iron_leggings":1},"minecraft:mined":{"minecraft:jungle_leaves":5,"minecraft:basalt":8,"biomesoplenty:desert_grass":3,"minecraft:smooth_sandstone":3,"gravestone:gravestone":3,"minecraft:red_sand":4,"minecraft:emerald_ore":1,"minecraft:grass_block":2,"minecraft:melon":18,"biomesoplenty:orange_sandstone":13,"minecraft:sandstone":28,"minecraft:large_fern":2,"minecraft:hay_block":7,"minecraft:bubble_coral":1,"minecraft:blue_terracotta":1,"minecraft:jungle_wood":5,"minecraft:iron_ore":7,"minecraft:fire":2,"minecraft:chiseled_sandstone":1,"minecraft:moss_carpet":1,"minecraft:grass":4,"minecraft:flowering_azalea_leaves":1,"minecraft:sand":1,"minecraft:dirt":1,"minecraft:smooth_basalt":25,"minecraft:azalea_leaves":1,"minecraft:stone":14,"minecraft:fern":11}},"DataVersion":3465}