{"stats":{"minecraft:custom":{"minecraft:time_since_rest":5140,"minecraft:waystone_activated":1,"minecraft:damage_absorbed":235,"minecraft:sprint_one_cm":125388,"minecraft:damage_taken":465,"minecraft:walk_one_cm":125678,"minecraft:trigger_trapped_chest":1,"minecraft:mob_kills":1,"minecraft:drop":7,"minecraft:damage_dealt":663,"minecraft:interact_with_crafting_table":3,"minecraft:fly_one_cm":183596,"minecraft:open_barrel":2,"minecraft:open_chest":2,"minecraft:crouch_one_cm":13876,"minecraft:play_time":36229,"minecraft:deaths":2,"minecraft:sneak_time":1985,"minecraft:jump":673,"minecraft:leave_game":2,"minecraft:time_since_death":5119,"minecraft:walk_on_water_one_cm":531,"minecraft:climb_one_cm":21865,"minecraft:total_world_time":36229,"minecraft:fall_one_cm":18001},"minecraft:killed":{"minecraft:rabbit":1},"minecraft:crafted":{"minecraft:crafting_table":1,"minecraft:stick":12,"minecraft:wooden_pickaxe":1,"minecraft:stone_pickaxe":1,"minecraft:stone_sword":1,"minecraft:acacia_planks":36,"minecraft:stone_axe":1,"minecraft:wheat":63},"minecraft:picked_up":{"minecraft:stick":4,"minecraft:sandstone":26,"minecraft:cooked_beef":11,"minecraft:acacia_log":9,"minecraft:sand":1,"minecraft:red_terracotta":12,"minecraft:chiseled_sandstone":1,"minecraft:smooth_sandstone":3,"paraglider:deku_leaf":1,"minecraft:blue_terracotta":1,"minecraft:rotten_flesh":10,"minecraft:red_sand":3,"biomesoplenty:orange_sandstone":13,"minecraft:hay_block":7,"minecraft:yellow_terracotta":2,"minecraft:rabbit":1,"minecraft:cobblestone":12},"minecraft:killed_by":{"dungeonsweaponry:vanguard":1},"minecraft:dropped":{"minecraft:bread":3,"minecraft:rotten_flesh":10,"gravestone:obituary":2,"paraglider:deku_leaf":1},"minecraft:used":{"epicfight:skillbook":1,"minecraft:blue_terracotta":1,"minecraft:red_sand":3,"minecraft:stone_sword":4,"minecraft:chiseled_sandstone":1,"minecraft:stone_pickaxe":38,"minecraft:smooth_sandstone":3,"minecraft:wooden_pickaxe":25,"minecraft:sandstone":26,"minecraft:red_terracotta":12,"minecraft:rotten_flesh":4,"minecraft:stone_axe":4,"biomesoplenty:orange_sandstone":13,"minecraft:sand":2,"minecraft:cobblestone":4,"minecraft:yellow_terracotta":2,"minecraft:crafting_table":1,"minecraft:cooked_beef":2,"minecraft:acacia_planks":23},"minecraft:mined":{"minecraft:hay_block":7,"minecraft:blue_terracotta":1,"minecraft:chiseled_sandstone":1,"biomesoplenty:desert_grass":3,"minecraft:smooth_sandstone":3,"gravestone:gravestone":2,"minecraft:red_sand":4,"minecraft:sand":1,"minecraft:stone":14,"biomesoplenty:orange_sandstone":13,"minecraft:sandstone":28}},"DataVersion":3465}