{"stats":{"minecraft:crafted":{"minecraft:crafting_table":1,"minecraft:stick":12,"minecraft:wooden_pickaxe":1,"minecraft:stone_pickaxe":1,"minecraft:stone_sword":1,"minecraft:acacia_planks":36,"minecraft:stone_axe":1},"minecraft:killed_by":{"dungeonsweaponry:vanguard":1},"minecraft:mined":{"minecraft:blue_terracotta":1,"minecraft:chiseled_sandstone":1,"biomesoplenty:desert_grass":3,"minecraft:smooth_sandstone":3,"gravestone:gravestone":1,"minecraft:sand":1,"biomesoplenty:orange_sandstone":13,"minecraft:stone":14,"minecraft:sandstone":28},"minecraft:killed":{"minecraft:rabbit":1},"minecraft:used":{"epicfight:skillbook":1,"minecraft:blue_terracotta":1,"minecraft:stone_sword":3,"minecraft:chiseled_sandstone":1,"minecraft:stone_pickaxe":36,"minecraft:wooden_pickaxe":25,"minecraft:red_terracotta":12,"minecraft:sandstone":26,"minecraft:rotten_flesh":4,"minecraft:stone_axe":4,"biomesoplenty:orange_sandstone":13,"minecraft:sand":1,"minecraft:cobblestone":3,"minecraft:crafting_table":1,"minecraft:acacia_planks":3},"minecraft:dropped":{"minecraft:bread":3,"minecraft:rotten_flesh":10,"gravestone:obituary":1},"minecraft:picked_up":{"minecraft:stick":4,"minecraft:sandstone":26,"minecraft:acacia_log":9,"minecraft:sand":1,"minecraft:red_terracotta":12,"minecraft:chiseled_sandstone":1,"minecraft:smooth_sandstone":3,"minecraft:blue_terracotta":1,"minecraft:rotten_flesh":10,"biomesoplenty:orange_sandstone":13,"minecraft:yellow_terracotta":2,"minecraft:rabbit":1,"minecraft:cobblestone":12},"minecraft:custom":{"minecraft:time_since_rest":9442,"minecraft:sprint_one_cm":59673,"minecraft:walk_one_cm":73908,"minecraft:damage_taken":255,"minecraft:damage_absorbed":40,"minecraft:trigger_trapped_chest":1,"minecraft:mob_kills":1,"minecraft:drop":5,"minecraft:damage_dealt":597,"minecraft:interact_with_crafting_table":3,"minecraft:fly_one_cm":91462,"minecraft:open_barrel":2,"minecraft:crouch_one_cm":12780,"minecraft:play_time":15045,"minecraft:deaths":1,"minecraft:sneak_time":1687,"minecraft:jump":305,"minecraft:leave_game":1,"minecraft:time_since_death":8932,"minecraft:climb_one_cm":1354,"minecraft:total_world_time":15045,"minecraft:fall_one_cm":6915}},"DataVersion":3465}