{"stats":{"minecraft:custom":{"minecraft:time_since_rest":14644,"minecraft:sprint_one_cm":102323,"minecraft:damage_absorbed":464,"minecraft:damage_taken":518,"minecraft:walk_one_cm":90056,"minecraft:mob_kills":3,"minecraft:drop":18,"minecraft:damage_dealt":396,"minecraft:swim_one_cm":28864,"minecraft:interact_with_crafting_table":1,"minecraft:fly_one_cm":164672,"minecraft:open_chest":4,"minecraft:play_time":16280,"minecraft:walk_under_water_one_cm":334,"minecraft:jump":503,"minecraft:walk_on_water_one_cm":5629,"minecraft:time_since_death":16280,"minecraft:sleep_in_bed":1,"minecraft:climb_one_cm":236,"minecraft:total_world_time":16280,"minecraft:fall_one_cm":10134},"minecraft:killed":{"minecraft:skeleton":1,"minecraft:chicken":1,"minecraft:cow":1},"minecraft:crafted":{"minecraft:oak_planks":16,"biomesoplenty:redwood_planks":64},"minecraft:picked_up":{"biomesoplenty:redwood_log":88,"minecraft:tipped_arrow":1,"minecraft:stick":6,"minecraft:feather":3,"minecraft:crafting_table":1,"spartanweaponry:iron_saber":1,"endrem:witch_pupil":1,"minecraft:chicken":1,"minecraft:leather":2,"dtbop:redwood_seed":2,"minecraft:pointed_dripstone":2,"minecraft:cyan_bed":1,"minecraft:bone":1,"minecraft:arrow":1,"minecraft:rotten_flesh":1,"minecraft:stone_axe":1,"minecraft:bow":2,"minecraft:wheat_seeds":2,"minecraft:beef":2,"minecraft:glass_bottle":2},"minecraft:dropped":{"dtbop:redwood_seed":2,"minecraft:wheat_seeds":2,"minecraft:glass_bottle":2,"endrem:witch_pupil":1,"minecraft:pointed_dripstone":1,"minecraft:chicken":1,"minecraft:feather":3,"minecraft:rotten_flesh":1,"minecraft:leather":2,"spartanweaponry:iron_saber":1,"minecraft:bow":1,"minecraft:bone":1},"minecraft:used":{"minecraft:apple":4,"spartanweaponry:iron_saber":3,"minecraft:bread":9,"minecraft:oak_planks":4,"minecraft:stone_axe":19,"minecraft:crafting_table":1,"minecraft:pointed_dripstone":1},"minecraft:mined":{"minecraft:crafting_table":1,"biomesoplenty:sea_oats":1,"minecraft:grass":7,"minecraft:pointed_dripstone":1,"minecraft:vine":2,"minecraft:mushroom_stem":1,"minecraft:cyan_bed":1}},"DataVersion":3465}