{"stats":{"minecraft:broken":{"minecraft:stone_axe":1},"minecraft:custom":{"minecraft:mob_kills":10,"minecraft:interact_with_crafting_table":1,"minecraft:tune_noteblock":7,"minecraft:leave_game":1,"minecraft:time_since_death":40279,"minecraft:sleep_in_bed":1,"minecraft:climb_one_cm":10340,"minecraft:time_since_rest":38643,"minecraft:sprint_one_cm":210335,"minecraft:walk_one_cm":239422,"minecraft:damage_taken":1121,"minecraft:damage_absorbed":853,"minecraft:drop":28,"minecraft:damage_dealt":2315,"minecraft:swim_one_cm":28864,"minecraft:fly_one_cm":313036,"minecraft:open_chest":27,"minecraft:crouch_one_cm":919,"minecraft:play_time":40279,"minecraft:sneak_time":183,"minecraft:walk_under_water_one_cm":2914,"minecraft:jump":973,"minecraft:walk_on_water_one_cm":10220,"minecraft:total_world_time":40279,"minecraft:fall_one_cm":19473},"minecraft:killed":{"minecraft:spider":1,"minecraft:creeper":1,"minecraft:skeleton":2,"minecraft:pillager":2,"minecraft:zombie":1,"minecraft:chicken":1,"minecraft:villager":1,"minecraft:cow":1},"minecraft:crafted":{"minecraft:oak_planks":16,"biomesoplenty:redwood_planks":64},"minecraft:picked_up":{"biomesoplenty:redwood_log":88,"minecraft:crafting_table":1,"minecraft:wheat":1,"minecraft:feather":3,"minecraft:chicken":1,"minecraft:leather":2,"minecraft:bone":3,"minecraft:bow":2,"minecraft:wheat_seeds":3,"minecraft:beef":2,"minecraft:glass_bottle":2,"minecraft:chest":1,"minecraft:oak_planks":1,"minecraft:tipped_arrow":1,"minecraft:stick":6,"spartanweaponry:iron_saber":1,"endrem:witch_pupil":1,"aether:enchanted_dart":4,"dtbop:redwood_seed":2,"minecraft:sand":5,"minecraft:pointed_dripstone":2,"minecraft:cyan_bed":1,"minecraft:arrow":6,"minecraft:rotten_flesh":1,"minecraft:stone_axe":1,"aether:ambrosium_shard":1,"aether:golden_dart":4,"minecraft:dark_oak_fence":3},"minecraft:dropped":{"dtbop:redwood_seed":2,"minecraft:wheat_seeds":3,"minecraft:glass_bottle":2,"endrem:witch_pupil":1,"minecraft:wheat":1,"minecraft:pointed_dripstone":1,"minecraft:feather":3,"minecraft:chicken":1,"minecraft:rotten_flesh":1,"spartanweaponry:iron_saber":1,"minecraft:leather":2,"aether:ambrosium_shard":1,"minecraft:filled_map":1,"aether:enchanted_dart":4,"aether:golden_dart":4,"minecraft:bow":1,"minecraft:bone":3},"minecraft:used":{"minecraft:oak_planks":14,"minecraft:iron_sword":17,"minecraft:sand":5,"minecraft:crafting_table":1,"minecraft:apple":7,"spartanweaponry:iron_saber":3,"minecraft:bread":9,"minecraft:iron_pickaxe":1,"minecraft:stone_axe":48,"minecraft:bow":7,"minecraft:dark_oak_fence":1,"minecraft:cooked_beef":8,"minecraft:pointed_dripstone":1},"minecraft:mined":{"minecraft:crafting_table":1,"minecraft:dark_oak_fence":4,"minecraft:mushroom_stem":1,"minecraft:cyan_bed":1,"minecraft:oak_planks":1,"minecraft:stone_brick_stairs":1,"biomesoplenty:sea_oats":1,"minecraft:grass":7,"minecraft:pointed_dripstone":1,"minecraft:vine":2,"minecraft:sand":5}},"DataVersion":3465}