{"stats":{"minecraft:broken":{"minecraft:diamond_helmet":1,"minecraft:diamond_boots":1,"minecraft:wooden_axe":1,"minecraft:diamond_chestplate":1,"minecraft:diamond_leggings":1},"minecraft:custom":{"minecraft:interact_with_crafting_table":42,"minecraft:open_barrel":204,"minecraft:leave_game":6,"minecraft:time_since_death":6816,"minecraft:sprint_one_cm":1424873,"minecraft:damage_blocked_by_shield":2498,"minecraft:drop":195,"minecraft:play_time":340684,"minecraft:deaths":13,"minecraft:jump":5092,"minecraft:walk_on_water_one_cm":60296,"minecraft:interact_with_furnace":23,"minecraft:sleep_in_bed":3,"minecraft:damage_dealt":33552,"minecraft:crouch_one_cm":18011,"minecraft:inspect_dispenser":7,"minecraft:horse_one_cm":881016,"minecraft:mob_kills":164,"minecraft:damage_dealt_resisted":54,"minecraft:climb_one_cm":32880,"minecraft:walk_one_cm":1598737,"minecraft:damage_dealt_absorbed":30,"minecraft:sneak_time":4653,"minecraft:walk_under_water_one_cm":51221,"minecraft:boat_one_cm":671782,"minecraft:interact_with_lectern":1,"minecraft:total_world_time":340684,"minecraft:time_since_rest":6919,"minecraft:damage_taken":10295,"minecraft:damage_absorbed":39946,"minecraft:swim_one_cm":193351,"minecraft:fly_one_cm":1455095,"minecraft:open_chest":186,"minecraft:fall_one_cm":129785},"minecraft:killed":{"dungeonsweaponry:wraith":1,"minecraft:cave_spider":2,"minecraft:zombified_piglin":26,"mythicmounts:courierbird":1,"minecraft:spider":3,"dungeonsweaponry:enchanter":1,"minecraft:skeleton":9,"minecraft:chicken":1,"minecraft:piglin_brute":2,"minecraft:parrot":2,"minecraft:piglin":6,"minecraft:pig":5,"minecraft:creeper":1,"minecraft:sheep":4,"minecraft:pillager":33,"minecraft:zombie":27,"dungeonsweaponry:geomancer":1,"mowziesmobs:umvuthana_raptor":1,"minecraft:vindicator":7,"cataclysm:lionfish":2,"minecraft:drowned":4,"cataclysm:deepling_angler":2,"mowziesmobs:umvuthana_follower_raptor":5,"minecraft:hoglin":7},"minecraft:crafted":{"minecraft:oak_planks":60,"minecraft:dark_oak_boat":2,"minecraft:cooked_mutton":6,"minecraft:glass":2,"minecraft:dark_oak_door":3,"minecraft:diamond_leggings":1,"minecraft:bow":1,"minecraft:golden_boots":2,"minecraft:cooked_porkchop":8,"minecraft:crafting_table":11,"minecraft:wooden_pickaxe":1,"minecraft:gold_block":6,"minecraft:emerald_block":17,"minecraft:stick":16,"minecraft:iron_ingot":6,"minecraft:iron_pickaxe":1,"minecraft:gold_ingot":23,"minecraft:furnace":4,"minecraft:stone_pickaxe":1,"minecraft:diamond_boots":1,"minecraft:dark_oak_planks":32,"minecraft:wheat":63,"minecraft:diamond_sword":2,"minecraft:iron_sword":1,"minecraft:air":0,"minecraft:oak_boat":2,"minecraft:wooden_axe":1,"minecraft:torch":20,"minecraft:diamond_chestplate":1},"minecraft:picked_up":{"minecraft:iron_chestplate":3,"minecraft:lead":9,"minecraft:diamond_sword":4,"aether:iron_gloves":1,"minecraft:potion":2,"minecraft:enchanted_book":2,"minecraft:gilded_blackstone":7,"minecraft:string":9,"aether:diamond_gloves":3,"minecraft:iron_leggings":1,"minecraft:diamond_leggings":4,"minecraft:gold_nugget":226,"minecraft:bucket":1,"minecraft:spruce_planks":11,"dynamictrees:oak_seed":9,"minecraft:iron_pickaxe":1,"minecraft:melon_slice":128,"minecraft:furnace":3,"minecraft:mangrove_log":3,"minecraft:iron_boots":2,"minecraft:dark_oak_door":2,"minecraft:tipped_arrow":1,"minecraft:stick":46,"minecraft:torch":10,"minecraft:green_bed":2,"epicfight:skillbook":6,"minecraft:porkchop":52,"minecraft:rotten_flesh":40,"aether:golden_pendant":3,"minecraft:wolf_spawn_egg":1,"minecraft:iron_bars":1,"minecraft:cobblestone":69,"minecraft:magma_block":3,"minecraft:feather":20,"minecraft:cooked_beef":7,"minecraft:dark_oak_boat":8,"minecraft:potato":1,"paraglider:spirit_orb":56,"minecraft:dirt":96,"minecraft:lantern":2,"minecraft:mangrove_fence":1,"minecraft:bone":14,"minecraft:acacia_planks":2,"minecraft:bow":4,"minecraft:wheat_seeds":6,"minecraft:diamond_helmet":5,"minecraft:mossy_stone_bricks":48,"minecraft:oak_planks":14,"minecraft:cooked_porkchop":2,"minecraft:oak_pressure_plate":4,"minecraft:sand":2,"minecraft:dark_oak_log":4,"minecraft:barrel":2,"cataclysm:lionfish":1,"minecraft:diamond":17,"minecraft:cracked_polished_blackstone_bricks":24,"minecraft:emerald":42,"minecraft:bread":27,"minecraft:netherrack":294,"minecraft:diamond_pickaxe":3,"minecraft:chicken":1,"minecraft:ladder":6,"minecraft:gold_block":24,"gravestone:obituary":5,"minecraft:shield":2,"minecraft:oak_trapdoor":1,"minecraft:red_bed":1,"minecraft:flint_and_steel":1,"minecraft:iron_shovel":1,"minecraft:blackstone":10,"minecraft:cyan_carpet":8,"biomesoplenty:willow_planks":7,"minecraft:cracked_stone_bricks":3,"minecraft:candle":4,"minecraft:player_head":1,"minecraft:chest":1,"minecraft:egg":1,"minecraft:raw_iron":6,"minecraft:polished_blackstone_bricks":111,"minecraft:dark_oak_planks":22,"minecraft:arrow":50,"minecraft:diamond_chestplate":3,"minecraft:pumpkin_pie":10,"minecraft:nether_bricks":8,"minecraft:diamond_boots":4,"minecraft:hay_block":7,"minecraft:waxed_oxidized_cut_copper_stairs":1,"minecraft:stripped_dark_oak_wood":2,"mowziesmobs:umvuthana_mask_bliss":1,"minecraft:gold_ingot":1,"minecraft:mutton":6,"minecraft:white_wool":2,"minecraft:basalt":6,"minecraft:tripwire_hook":2,"minecraft:leather":9,"minecraft:filled_map":1,"minecraft:birch_planks":23,"minecraft:oak_log":13,"minecraft:lily_pad":1,"minecraft:gunpowder":8,"minecraft:cooked_mutton":1,"mowziesmobs:umvuthana_mask_rage":1,"minecraft:iron_ingot":9,"minecraft:cobweb":4,"minecraft:glass_bottle":3,"minecraft:gray_bed":1,"minecraft:soul_sand":1,"minecraft:dark_oak_stairs":4,"minecraft:oak_slab":1,"minecraft:dark_oak_slab":5,"minecraft:emerald_block":25,"minecraft:chiseled_stone_bricks":1,"minecraft:quartz":1,"minecraft:dandelion":1,"minecraft:gravel":5,"minecraft:birch_stairs":1,"minecraft:spider_eye":2,"minecraft:oak_wood":2,"minecraft:firework_rocket":1,"minecraft:iron_helmet":3,"minecraft:gray_wool":3,"epic_knights__japanese_armory:iron_katana":1,"minecraft:baked_potato":11,"minecraft:black_wool":1,"minecraft:coal":10},"minecraft:killed_by":{"minecraft:zombie":5,"minecraft:player":1,"minecraft:spider":1},"minecraft:dropped":{"minecraft:candle":4,"minecraft:soul_sand":1,"minecraft:birch_planks":3,"minecraft:porkchop":14,"minecraft:dark_oak_stairs":1,"minecraft:oak_pressure_plate":4,"minecraft:cooked_beef":1,"minecraft:glass_bottle":4,"minecraft:diamond":8,"minecraft:cooked_porkchop":3,"minecraft:dark_oak_slab":5,"minecraft:lantern":2,"minecraft:honeycomb":22,"minecraft:leather":7,"minecraft:emerald":2,"minecraft:cod":4,"minecraft:dirt":7,"mowziesmobs:umvuthana_mask_bliss":1,"minecraft:stripped_dark_oak_wood":2,"gravestone:obituary":12,"minecraft:gilded_blackstone":15,"minecraft:gold_nugget":17,"minecraft:sand":1,"minecraft:polished_blackstone_bricks":52,"minecraft:iron_pickaxe":1,"minecraft:dark_oak_planks":2,"minecraft:dark_oak_boat":1,"minecraft:white_wool":2,"minecraft:cyan_carpet":1,"minecraft:gold_ingot":5,"minecraft:bone":6,"minecraft:gravel":3,"dynamictrees:oak_seed":1,"minecraft:obsidian":4,"minecraft:rotten_flesh":15,"minecraft:oak_planks":14,"minecraft:honey_bottle":3,"minecraft:salmon":2,"minecraft:ladder":2,"minecraft:arrow":34,"minecraft:beef":5,"minecraft:glass":2,"minecraft:netherrack":1,"minecraft:golden_boots":1,"minecraft:enchanted_book":2,"minecraft:iron_ingot":58,"minecraft:wolf_spawn_egg":1,"minecraft:oak_slab":1,"minecraft:wheat_seeds":4,"minecraft:diamond_leggings":3,"minecraft:feather":20,"minecraft:iron_helmet":1,"minecraft:cobblestone":34,"minecraft:golden_apple":2,"minecraft:stick":1,"minecraft:gray_wool":2,"minecraft:melon_slice":18,"minecraft:diamond_helmet":4,"minecraft:potion":2,"minecraft:string":5,"minecraft:lily_pad":1,"minecraft:tripwire_hook":1,"minecraft:bucket":1,"minecraft:furnace":3,"minecraft:player_head":1,"minecraft:green_bed":2,"minecraft:chicken":1,"minecraft:filled_map":1,"minecraft:diamond_sword":4,"minecraft:shield":1,"aether:iron_gloves":1,"minecraft:diamond_chestplate":5,"aether:diamond_gloves":1,"minecraft:iron_chestplate":1,"minecraft:diamond_pickaxe":2,"minecraft:mossy_stone_bricks":47,"minecraft:spider_eye":2,"minecraft:barrel":2,"minecraft:diamond_boots":3,"biomesoplenty:willow_planks":1,"minecraft:bow":3,"minecraft:wooden_pickaxe":1,"minecraft:magma_block":3,"minecraft:black_wool":1,"epicfight:skillbook":4},"minecraft:used":{"minecraft:ladder":2,"minecraft:shield":40,"minecraft:iron_sword":83,"minecraft:nether_bricks":3,"minecraft:carrot":7,"minecraft:honey_bottle":10,"minecraft:lava_bucket":7,"minecraft:mangrove_log":3,"minecraft:spruce_wood":3,"minecraft:bow":81,"minecraft:dark_oak_boat":7,"minecraft:furnace":4,"minecraft:cooked_cod":2,"minecraft:gray_bed":1,"minecraft:gold_block":32,"minecraft:potato":1,"epicfight:skillbook":8,"minecraft:stone_pickaxe":73,"minecraft:oak_planks":3,"minecraft:blackstone":3,"minecraft:ender_pearl":1,"minecraft:wooden_pickaxe":5,"minecraft:cookie":3,"minecraft:golden_apple":3,"minecraft:sand":1,"cataclysm:lionfish":1,"minecraft:melon_slice":122,"minecraft:bread":36,"minecraft:cyan_carpet":1,"minecraft:gravel":2,"minecraft:diamond_sword":693,"minecraft:oak_boat":2,"minecraft:cobweb":4,"minecraft:spruce_planks":6,"minecraft:mangrove_fence":1,"minecraft:netherrack":182,"minecraft:torch":16,"minecraft:dirt":59,"minecraft:diamond_helmet":1,"minecraft:dark_oak_planks":9,"minecraft:wooden_axe":34,"minecraft:emerald_block":26,"minecraft:wolf_spawn_egg":1,"minecraft:cooked_beef":5,"minecraft:acacia_planks":1,"minecraft:cooked_mutton":7,"minecraft:water_bucket":1,"minecraft:birch_planks":12,"minecraft:lead":1,"minecraft:baked_potato":19,"minecraft:polished_blackstone_bricks":12,"minecraft:cracked_stone_bricks":1,"minecraft:gilded_blackstone":3,"minecraft:crafting_table":11,"minecraft:red_bed":1,"minecraft:cod":2,"minecraft:dark_oak_door":5,"minecraft:diamond_pickaxe":577,"minecraft:iron_pickaxe":23,"minecraft:chiseled_stone_bricks":1,"minecraft:potion":1,"epic_knights__japanese_armory:iron_katana":56,"minecraft:porkchop":31,"minecraft:cooked_porkchop":8,"minecraft:bucket":8,"minecraft:pumpkin_pie":19,"minecraft:diamond_leggings":2,"minecraft:gray_wool":1,"minecraft:birch_stairs":1},"minecraft:mined":{"minecraft:dark_oak_planks":12,"minecraft:spruce_planks":8,"minecraft:white_bed":1,"minecraft:stripped_crimson_hyphae":1,"minecraft:chiseled_polished_blackstone":2,"biomesoplenty:bramble":1,"minecraft:grass_block":10,"biomesoplenty:rose_quartz_block":1,"minecraft:mangrove_fence":1,"minecraft:cracked_polished_blackstone_bricks":16,"minecraft:gilded_blackstone":8,"minecraft:chiseled_stone_bricks":1,"minecraft:spawner":29,"minecraft:polished_blackstone_bricks":77,"minecraft:magma_block":3,"minecraft:iron_ore":2,"minecraft:fire":6,"minecraft:green_bed":2,"minecraft:red_bed":1,"minecraft:blackstone":44,"minecraft:torch":1,"minecraft:melon":23,"minecraft:chest":1,"minecraft:cobblestone":2,"minecraft:oak_planks":6,"minecraft:wall_torch":2,"minecraft:dark_oak_door":2,"minecraft:waxed_oxidized_cut_copper_stairs":1,"minecraft:grass":17,"minecraft:oak_log":3,"minecraft:sand":2,"minecraft:dirt":19,"minecraft:mangrove_log":3,"minecraft:tripwire_hook":2,"minecraft:netherrack":281,"minecraft:emerald_block":26,"minecraft:nether_gold_ore":45,"minecraft:tube_coral":1,"minecraft:candle":1,"minecraft:dark_oak_log":4,"gravestone:gravestone":12,"minecraft:ladder":4,"biomesoplenty:willow_planks":6,"minecraft:hay_block":7,"minecraft:gold_block":22,"minecraft:vine":2,"minecraft:stone":62,"minecraft:birch_stairs":1,"minecraft:basalt":8,"minecraft:fire_coral":1,"minecraft:blackstone_slab":2,"minecraft:oak_wood":2,"minecraft:tall_grass":2,"minecraft:birch_planks":18,"minecraft:gray_bed":1,"minecraft:coal_ore":9,"minecraft:gravel":6,"minecraft:cobweb":4,"minecraft:cracked_stone_bricks":2,"minecraft:acacia_planks":1,"minecraft:mossy_stone_bricks":1,"minecraft:fern":1}},"DataVersion":3465}