{"stats":{"minecraft:broken":{"minecraft:wooden_axe":1},"minecraft:crafted":{"minecraft:oak_planks":48,"minecraft:dark_oak_boat":2,"minecraft:furnace":4,"minecraft:cooked_mutton":6,"minecraft:glass":2,"minecraft:dark_oak_door":3,"minecraft:diamond_leggings":1,"minecraft:stone_pickaxe":1,"minecraft:diamond_boots":1,"minecraft:dark_oak_planks":32,"minecraft:golden_boots":2,"minecraft:diamond_sword":2,"minecraft:cooked_porkchop":8,"minecraft:crafting_table":9,"minecraft:wooden_pickaxe":1,"minecraft:iron_sword":1,"minecraft:gold_block":5,"minecraft:air":0,"minecraft:oak_boat":1,"minecraft:emerald_block":12,"minecraft:stick":12,"minecraft:iron_ingot":6,"minecraft:iron_pickaxe":1,"minecraft:wooden_axe":1,"minecraft:gold_ingot":23,"minecraft:torch":20,"minecraft:diamond_chestplate":1},"minecraft:used":{"minecraft:ladder":2,"minecraft:spruce_planks":6,"minecraft:shield":32,"minecraft:iron_sword":83,"minecraft:mangrove_fence":1,"minecraft:netherrack":181,"minecraft:torch":16,"minecraft:dirt":20,"minecraft:nether_bricks":3,"minecraft:carrot":7,"minecraft:diamond_helmet":1,"minecraft:honey_bottle":10,"minecraft:wooden_axe":34,"minecraft:dark_oak_planks":9,"minecraft:lava_bucket":7,"minecraft:mangrove_log":3,"minecraft:spruce_wood":3,"minecraft:bow":3,"minecraft:wolf_spawn_egg":1,"minecraft:dark_oak_boat":7,"minecraft:furnace":4,"minecraft:cooked_cod":2,"minecraft:gray_bed":1,"minecraft:cooked_beef":5,"minecraft:potato":1,"minecraft:acacia_planks":1,"minecraft:cooked_mutton":6,"minecraft:water_bucket":1,"epicfight:skillbook":7,"minecraft:lead":1,"minecraft:birch_planks":12,"minecraft:baked_potato":19,"minecraft:stone_pickaxe":73,"minecraft:oak_planks":3,"minecraft:blackstone":3,"minecraft:ender_pearl":1,"minecraft:wooden_pickaxe":5,"minecraft:polished_blackstone_bricks":12,"minecraft:cookie":3,"minecraft:golden_apple":1,"minecraft:crafting_table":9,"minecraft:red_bed":1,"minecraft:cod":2,"minecraft:dark_oak_door":5,"cataclysm:lionfish":1,"minecraft:diamond_pickaxe":523,"minecraft:bread":36,"minecraft:iron_pickaxe":23,"minecraft:gravel":2,"minecraft:diamond_sword":544,"minecraft:potion":1,"minecraft:porkchop":23,"minecraft:cooked_porkchop":8,"minecraft:bucket":8,"minecraft:pumpkin_pie":19,"minecraft:oak_boat":1,"minecraft:gray_wool":1,"minecraft:birch_stairs":1},"minecraft:mined":{"minecraft:dark_oak_planks":8,"minecraft:nether_gold_ore":45,"minecraft:tube_coral":1,"minecraft:spruce_planks":6,"minecraft:white_bed":1,"minecraft:dark_oak_log":4,"minecraft:mangrove_fence":1,"minecraft:chiseled_polished_blackstone":2,"biomesoplenty:bramble":1,"gravestone:gravestone":9,"minecraft:ladder":4,"minecraft:stripped_crimson_hyphae":1,"minecraft:grass_block":10,"biomesoplenty:rose_quartz_block":1,"minecraft:cracked_polished_blackstone_bricks":16,"biomesoplenty:willow_planks":6,"minecraft:gilded_blackstone":7,"minecraft:spawner":26,"minecraft:polished_blackstone_bricks":77,"minecraft:magma_block":3,"minecraft:iron_ore":2,"minecraft:fire":6,"minecraft:gold_block":5,"minecraft:vine":2,"minecraft:stone":62,"minecraft:green_bed":2,"minecraft:birch_stairs":1,"minecraft:red_bed":1,"minecraft:blackstone":44,"minecraft:basalt":8,"minecraft:fire_coral":1,"minecraft:torch":1,"minecraft:blackstone_slab":2,"minecraft:oak_wood":2,"minecraft:melon":1,"minecraft:cobblestone":2,"minecraft:oak_planks":6,"minecraft:wall_torch":2,"minecraft:birch_planks":18,"minecraft:dark_oak_door":2,"minecraft:waxed_oxidized_cut_copper_stairs":1,"minecraft:gray_bed":1,"minecraft:grass":9,"minecraft:coal_ore":9,"minecraft:sand":1,"minecraft:gravel":6,"minecraft:dirt":17,"minecraft:mangrove_log":3,"minecraft:acacia_planks":1,"minecraft:tripwire_hook":2,"minecraft:netherrack":279,"minecraft:mossy_stone_bricks":1},"minecraft:custom":{"minecraft:mob_kills":124,"minecraft:interact_with_crafting_table":29,"minecraft:open_barrel":121,"minecraft:leave_game":4,"minecraft:time_since_death":137390,"minecraft:climb_one_cm":24140,"minecraft:sprint_one_cm":1049275,"minecraft:walk_one_cm":1198288,"minecraft:damage_blocked_by_shield":1912,"minecraft:drop":125,"minecraft:damage_dealt_absorbed":30,"minecraft:interact_with_lectern":1,"minecraft:play_time":227080,"minecraft:deaths":10,"minecraft:sneak_time":4151,"minecraft:walk_under_water_one_cm":38782,"minecraft:boat_one_cm":575572,"minecraft:jump":3652,"minecraft:walk_on_water_one_cm":43041,"minecraft:total_world_time":227080,"minecraft:interact_with_furnace":23,"minecraft:sleep_in_bed":3,"minecraft:time_since_rest":268,"minecraft:damage_taken":7771,"minecraft:damage_absorbed":1094,"minecraft:damage_dealt":25522,"minecraft:swim_one_cm":120584,"minecraft:fly_one_cm":842117,"minecraft:open_chest":140,"minecraft:crouch_one_cm":13889,"minecraft:fall_one_cm":62349,"minecraft:inspect_dispenser":1,"minecraft:horse_one_cm":512085},"minecraft:dropped":{"minecraft:golden_boots":1,"minecraft:iron_ingot":56,"minecraft:wolf_spawn_egg":1,"minecraft:oak_slab":1,"minecraft:soul_sand":1,"minecraft:porkchop":8,"minecraft:wheat_seeds":3,"minecraft:oak_pressure_plate":4,"minecraft:cooked_beef":1,"minecraft:glass_bottle":4,"minecraft:cooked_porkchop":3,"minecraft:iron_helmet":1,"minecraft:dark_oak_slab":5,"minecraft:feather":4,"minecraft:cobblestone":34,"minecraft:leather":2,"minecraft:honeycomb":22,"minecraft:golden_apple":1,"minecraft:cod":4,"minecraft:dirt":7,"minecraft:gray_wool":2,"minecraft:melon_slice":18,"minecraft:diamond_helmet":3,"minecraft:potion":1,"gravestone:obituary":8,"minecraft:gold_nugget":17,"minecraft:sand":1,"minecraft:polished_blackstone_bricks":52,"minecraft:iron_pickaxe":1,"minecraft:string":1,"minecraft:dark_oak_planks":1,"minecraft:bucket":1,"minecraft:tripwire_hook":1,"minecraft:dark_oak_boat":1,"minecraft:white_wool":2,"minecraft:gold_ingot":4,"minecraft:bone":6,"minecraft:gravel":3,"dynamictrees:oak_seed":1,"minecraft:green_bed":2,"minecraft:obsidian":4,"minecraft:chicken":1,"minecraft:rotten_flesh":11,"minecraft:oak_planks":11,"minecraft:honey_bottle":3,"minecraft:salmon":2,"minecraft:diamond_sword":4,"minecraft:diamond_chestplate":5,"aether:diamond_gloves":1,"minecraft:iron_chestplate":1,"minecraft:diamond_pickaxe":2,"minecraft:mossy_stone_bricks":47,"minecraft:ladder":2,"minecraft:barrel":2,"minecraft:diamond_boots":1,"biomesoplenty:willow_planks":1,"minecraft:arrow":32,"minecraft:beef":5,"minecraft:wooden_pickaxe":1,"minecraft:magma_block":3,"epicfight:skillbook":4,"minecraft:black_wool":1},"minecraft:killed_by":{"minecraft:player":1,"minecraft:spider":1,"minecraft:zombie":5},"minecraft:picked_up":{"minecraft:iron_chestplate":2,"minecraft:chicken":1,"minecraft:ladder":6,"minecraft:lead":5,"minecraft:diamond_sword":3,"minecraft:enchanted_book":1,"minecraft:gold_block":5,"minecraft:potion":1,"minecraft:gilded_blackstone":6,"gravestone:obituary":4,"minecraft:red_bed":1,"minecraft:shield":1,"minecraft:string":1,"minecraft:oak_trapdoor":1,"aether:diamond_gloves":2,"minecraft:flint_and_steel":1,"minecraft:iron_leggings":1,"minecraft:iron_shovel":1,"minecraft:blackstone":10,"minecraft:cyan_carpet":6,"biomesoplenty:willow_planks":7,"minecraft:cracked_stone_bricks":2,"minecraft:gold_nugget":202,"minecraft:bucket":1,"minecraft:spruce_planks":11,"dynamictrees:oak_seed":9,"minecraft:iron_pickaxe":1,"minecraft:mangrove_log":3,"minecraft:melon_slice":6,"minecraft:furnace":3,"minecraft:egg":1,"minecraft:iron_boots":1,"minecraft:dark_oak_door":2,"minecraft:tipped_arrow":1,"minecraft:stick":44,"minecraft:raw_iron":6,"minecraft:torch":10,"minecraft:green_bed":2,"epicfight:skillbook":5,"minecraft:porkchop":38,"minecraft:polished_blackstone_bricks":111,"minecraft:dark_oak_planks":17,"minecraft:diamond_chestplate":3,"minecraft:arrow":45,"minecraft:rotten_flesh":31,"minecraft:pumpkin_pie":10,"minecraft:nether_bricks":8,"minecraft:diamond_boots":2,"aether:golden_pendant":1,"minecraft:waxed_oxidized_cut_copper_stairs":1,"minecraft:wolf_spawn_egg":1,"minecraft:mutton":6,"minecraft:iron_bars":1,"minecraft:white_wool":2,"minecraft:cobblestone":69,"minecraft:cooked_beef":7,"minecraft:magma_block":3,"minecraft:feather":4,"minecraft:basalt":6,"minecraft:tripwire_hook":2,"minecraft:leather":4,"minecraft:dark_oak_boat":8,"minecraft:potato":1,"minecraft:birch_planks":20,"paraglider:spirit_orb":50,"minecraft:oak_log":10,"minecraft:gunpowder":8,"minecraft:dirt":57,"minecraft:mangrove_fence":1,"minecraft:bone":9,"minecraft:acacia_planks":2,"minecraft:bow":2,"minecraft:wheat_seeds":5,"minecraft:iron_ingot":7,"minecraft:cobweb":4,"minecraft:mossy_stone_bricks":48,"minecraft:diamond_helmet":3,"minecraft:glass_bottle":3,"minecraft:gray_bed":1,"minecraft:soul_sand":1,"minecraft:oak_planks":8,"minecraft:dark_oak_stairs":3,"minecraft:oak_slab":1,"minecraft:dark_oak_slab":5,"minecraft:cooked_porkchop":2,"minecraft:quartz":1,"minecraft:dandelion":1,"minecraft:oak_pressure_plate":4,"minecraft:sand":1,"minecraft:gravel":5,"minecraft:birch_stairs":1,"minecraft:barrel":2,"minecraft:dark_oak_log":4,"cataclysm:lionfish":1,"minecraft:oak_wood":2,"minecraft:firework_rocket":1,"minecraft:diamond":3,"minecraft:cracked_polished_blackstone_bricks":24,"minecraft:iron_helmet":3,"minecraft:gray_wool":3,"minecraft:bread":25,"minecraft:emerald":21,"minecraft:baked_potato":11,"minecraft:netherrack":292,"minecraft:black_wool":1,"minecraft:coal":10,"minecraft:diamond_pickaxe":2},"minecraft:killed":{"minecraft:cave_spider":2,"minecraft:zombified_piglin":26,"dungeonsweaponry:enchanter":1,"minecraft:spider":1,"minecraft:vindicator":2,"minecraft:skeleton":7,"minecraft:chicken":1,"cataclysm:lionfish":1,"minecraft:drowned":4,"minecraft:piglin_brute":2,"cataclysm:deepling_angler":2,"minecraft:piglin":6,"minecraft:parrot":1,"minecraft:pig":5,"minecraft:hoglin":3,"minecraft:creeper":1,"minecraft:sheep":4,"minecraft:pillager":27,"minecraft:zombie":16,"dungeonsweaponry:geomancer":1}},"DataVersion":3465}