{"stats":{"minecraft:broken":{"minecraft:wooden_axe":1},"minecraft:crafted":{"minecraft:oak_planks":32,"minecraft:cooked_porkchop":8,"minecraft:dark_oak_boat":1,"minecraft:crafting_table":4,"minecraft:wooden_pickaxe":1,"minecraft:iron_sword":1,"minecraft:furnace":4,"minecraft:cooked_mutton":6,"minecraft:air":0,"minecraft:dark_oak_door":3,"minecraft:stick":8,"minecraft:iron_ingot":6,"minecraft:iron_pickaxe":1,"minecraft:stone_pickaxe":1,"minecraft:wooden_axe":1,"minecraft:dark_oak_planks":16,"minecraft:torch":20},"minecraft:mined":{"minecraft:dark_oak_log":4,"minecraft:grass_block":10,"minecraft:spawner":2,"minecraft:iron_ore":2,"minecraft:grass":5,"minecraft:coal_ore":9,"minecraft:gravel":6,"minecraft:dirt":17,"minecraft:stone":62},"minecraft:used":{"minecraft:cooked_mutton":5,"minecraft:stone_pickaxe":73,"minecraft:wooden_pickaxe":5,"minecraft:iron_sword":18,"minecraft:torch":5,"minecraft:dirt":20,"minecraft:crafting_table":4,"minecraft:dark_oak_door":1,"minecraft:wooden_axe":34,"minecraft:iron_pickaxe":10,"minecraft:gravel":2,"minecraft:dark_oak_boat":1,"minecraft:furnace":4,"minecraft:cooked_porkchop":5},"minecraft:custom":{"minecraft:interact_with_furnace":18,"minecraft:mob_kills":18,"minecraft:interact_with_crafting_table":12,"minecraft:open_barrel":5,"minecraft:time_since_death":29790,"minecraft:time_since_rest":29790,"minecraft:sprint_one_cm":123864,"minecraft:damage_absorbed":45,"minecraft:damage_taken":740,"minecraft:walk_one_cm":112593,"minecraft:drop":13,"minecraft:damage_dealt":2539,"minecraft:swim_one_cm":35900,"minecraft:fly_one_cm":144448,"minecraft:play_time":29790,"minecraft:sneak_time":247,"minecraft:walk_under_water_one_cm":13909,"minecraft:boat_one_cm":24075,"minecraft:jump":537,"minecraft:walk_on_water_one_cm":15026,"minecraft:total_world_time":29790,"minecraft:fall_one_cm":9129},"minecraft:dropped":{"minecraft:gravel":3,"minecraft:wheat_seeds":3,"minecraft:cooked_porkchop":3,"minecraft:rotten_flesh":4,"minecraft:feather":2,"minecraft:cobblestone":30,"minecraft:oak_planks":7,"minecraft:dirt":7,"minecraft:wooden_pickaxe":1,"minecraft:bone":1},"minecraft:picked_up":{"minecraft:feather":2,"minecraft:chicken":1,"paraglider:spirit_orb":4,"minecraft:oak_log":8,"minecraft:dirt":27,"minecraft:bone":1,"minecraft:wheat_seeds":3,"dynamictrees:oak_seed":4,"minecraft:raw_iron":6,"minecraft:stick":19,"minecraft:gravel":5,"minecraft:porkchop":8,"minecraft:dark_oak_log":4,"minecraft:arrow":2,"minecraft:rotten_flesh":8,"minecraft:gray_wool":1,"minecraft:emerald":3,"minecraft:black_wool":1,"minecraft:mutton":6,"minecraft:coal":9,"minecraft:white_wool":2,"minecraft:cobblestone":65},"minecraft:killed":{"minecraft:pig":5,"minecraft:spider":1,"minecraft:sheep":4,"minecraft:skeleton":2,"minecraft:zombie":1,"minecraft:chicken":1,"dungeonsweaponry:geomancer":1,"minecraft:drowned":3}},"DataVersion":3465}