{"stats":{"minecraft:broken":{"minecraft:iron_leggings":1},"minecraft:custom":{"minecraft:mob_kills":19,"minecraft:interact_with_crafting_table":2,"minecraft:interact_with_cartography_table":1,"minecraft:open_barrel":1,"minecraft:leave_game":4,"minecraft:time_since_death":20477,"minecraft:climb_one_cm":2567,"minecraft:time_since_rest":20502,"minecraft:sprint_one_cm":212696,"minecraft:damage_absorbed":813,"minecraft:damage_taken":3087,"minecraft:walk_one_cm":337247,"minecraft:trigger_trapped_chest":1,"minecraft:drop":15,"minecraft:damage_dealt":4751,"minecraft:fly_one_cm":256727,"minecraft:open_chest":24,"minecraft:crouch_one_cm":6747,"minecraft:play_time":50839,"minecraft:deaths":5,"minecraft:sneak_time":758,"minecraft:walk_under_water_one_cm":360,"minecraft:jump":790,"minecraft:walk_on_water_one_cm":2571,"minecraft:total_world_time":50839,"minecraft:fall_one_cm":33885},"minecraft:killed":{"minecraft:spider":2,"minecraft:skeleton":2,"minecraft:zombie":10,"minecraft:stray":3,"minecraft:silverfish":1},"minecraft:crafted":{"minecraft:crafting_table":2,"minecraft:wooden_pickaxe":1,"minecraft:stick":4,"minecraft:stone_pickaxe":2,"minecraft:acacia_planks":60},"minecraft:picked_up":{"minecraft:clock":1,"minecraft:cooked_beef":17,"minecraft:chainmail_boots":1,"minecraft:clay_ball":4,"minecraft:red_sandstone_stairs":2,"minecraft:brown_mushroom":1,"minecraft:lead":1,"minecraft:potato":3,"paraglider:spirit_orb":6,"minecraft:enchanted_book":1,"gravestone:obituary":2,"minecraft:string":1,"aether:diamond_gloves":1,"minecraft:iron_leggings":1,"minecraft:iron_shovel":1,"minecraft:bone":3,"minecraft:red_sandstone":4,"minecraft:stone_pickaxe":1,"biomesoplenty:wildflower":4,"minecraft:chest":1,"minecraft:pitcher_pod":1,"minecraft:stick":16,"minecraft:brown_terracotta":2,"minecraft:torch":4,"minecraft:acacia_log":30,"dynamictrees:acacia_seed":3,"minecraft:carrot":2,"minecraft:cut_red_sandstone":5,"minecraft:arrow":2,"minecraft:rotten_flesh":4,"minecraft:stone_axe":2,"minecraft:beetroot_seeds":2,"minecraft:emerald":1,"minecraft:chiseled_red_sandstone":2,"minecraft:iron_bars":6,"biomesoplenty:orange_sand":4,"minecraft:cobblestone":6},"minecraft:killed_by":{"minecraft:wither_skeleton":1,"minecraft:zombie":1},"minecraft:dropped":{"endrem:rogue_eye":1,"minecraft:rotten_flesh":4,"minecraft:golden_apple":5,"gravestone:obituary":4,"minecraft:brown_terracotta":1,"minecraft:bamboo":3,"minecraft:stone_pickaxe":2,"dynamictrees:acacia_seed":2,"epicfight:skillbook":1},"minecraft:used":{"epicfight:skillbook":3,"minecraft:iron_bars":3,"minecraft:stone_pickaxe":8,"minecraft:wooden_pickaxe":12,"minecraft:rotten_flesh":3,"minecraft:torch":2,"minecraft:golden_apple":3,"minecraft:crafting_table":2,"biomesoplenty:wildflower":4,"minecraft:firework_rocket":5,"biomesoplenty:orange_sand":4,"minecraft:cut_red_sandstone":4,"minecraft:stone_axe":15,"minecraft:golden_carrot":6,"minecraft:cooked_beef":13,"epicfight:uchigatana":105},"minecraft:mined":{"biomesoplenty:orange_sand":4,"biomesoplenty:wildflower":2,"minecraft:chiseled_red_sandstone":1,"biomesoplenty:desert_grass":1,"minecraft:crafting_table":1,"gravestone:gravestone":4,"minecraft:chest":1,"biomesoplenty:dune_grass":7,"minecraft:wall_torch":2,"minecraft:spawner":7,"minecraft:carrots":1,"minecraft:fire":2,"minecraft:stone_brick_stairs":2,"minecraft:mossy_stone_brick_stairs":1,"minecraft:potatoes":1,"minecraft:pitcher_crop":1,"minecraft:beetroots":2,"minecraft:iron_bars":2,"dtbop:acacia_undergrowth_leaves":1,"minecraft:stone":6}},"DataVersion":3465}