{"stats":{"minecraft:broken":{"minecraft:iron_leggings":1},"minecraft:custom":{"minecraft:mob_kills":26,"minecraft:interact_with_crafting_table":5,"minecraft:interact_with_cartography_table":1,"minecraft:open_barrel":1,"minecraft:leave_game":6,"minecraft:time_since_death":40617,"minecraft:climb_one_cm":3860,"minecraft:damage_resisted":2164,"minecraft:time_since_rest":40642,"minecraft:waystone_activated":1,"minecraft:sprint_one_cm":304027,"minecraft:damage_absorbed":1390,"minecraft:damage_taken":4928,"minecraft:walk_one_cm":467315,"minecraft:trigger_trapped_chest":1,"minecraft:drop":22,"minecraft:damage_dealt":8833,"minecraft:fly_one_cm":421825,"minecraft:play_time":70979,"minecraft:open_chest":26,"minecraft:crouch_one_cm":7086,"minecraft:sneak_time":803,"minecraft:deaths":5,"minecraft:walk_under_water_one_cm":360,"minecraft:jump":1197,"minecraft:walk_on_water_one_cm":5405,"minecraft:total_world_time":70979,"minecraft:fall_one_cm":65506},"minecraft:killed":{"minecraft:spider":4,"dungeonsweaponry:enchanter":1,"minecraft:skeleton":3,"minecraft:zombie":12,"cataclysm:ignited_berserker":1,"minecraft:stray":3,"minecraft:silverfish":1},"minecraft:crafted":{"minecraft:golden_chestplate":1,"minecraft:crafting_table":4,"minecraft:wooden_pickaxe":1,"minecraft:golden_leggings":1,"minecraft:diamond_pickaxe":1,"minecraft:stick":8,"minecraft:stone_pickaxe":2,"minecraft:acacia_planks":60,"minecraft:golden_helmet":1},"minecraft:picked_up":{"minecraft:clock":1,"minecraft:cooked_beef":17,"minecraft:chainmail_boots":1,"minecraft:clay_ball":4,"minecraft:red_sandstone_stairs":2,"minecraft:brown_mushroom":1,"minecraft:lead":1,"minecraft:potato":3,"minecraft:filled_map":1,"paraglider:spirit_orb":6,"minecraft:enchanted_book":1,"gravestone:obituary":2,"minecraft:string":4,"minecraft:lantern":2,"aether:diamond_gloves":1,"minecraft:iron_leggings":1,"minecraft:iron_shovel":1,"minecraft:bone":4,"minecraft:red_sandstone":4,"minecraft:stone_pickaxe":1,"minecraft:glass_bottle":2,"biomesoplenty:wildflower":4,"minecraft:chest":1,"minecraft:pitcher_pod":1,"minecraft:egg":1,"minecraft:stick":18,"minecraft:brown_terracotta":2,"minecraft:torch":4,"minecraft:acacia_log":30,"dynamictrees:acacia_seed":3,"minecraft:carrot":2,"minecraft:cut_red_sandstone":5,"cataclysm:dying_ember":2,"minecraft:arrow":4,"minecraft:rotten_flesh":6,"minecraft:stone_axe":2,"minecraft:beetroot_seeds":4,"cataclysm:ancient_metal_ingot":2,"minecraft:emerald":2,"minecraft:chiseled_red_sandstone":2,"minecraft:iron_bars":6,"minecraft:coal":3,"biomesoplenty:orange_sand":4,"minecraft:cobblestone":21},"minecraft:killed_by":{"minecraft:wither_skeleton":1,"minecraft:zombie":1},"minecraft:dropped":{"minecraft:glass_bottle":2,"endrem:rogue_eye":1,"minecraft:rotten_flesh":4,"minecraft:lantern":2,"minecraft:golden_apple":5,"minecraft:stick":2,"minecraft:filled_map":1,"minecraft:beetroot_seeds":2,"minecraft:brown_terracotta":1,"gravestone:obituary":4,"minecraft:bamboo":3,"minecraft:stone_pickaxe":2,"minecraft:red_sandstone_stairs":2,"dynamictrees:acacia_seed":2,"epicfight:skillbook":1},"minecraft:used":{"epicfight:skillbook":3,"minecraft:iron_bars":3,"minecraft:stone_pickaxe":8,"minecraft:wooden_pickaxe":13,"minecraft:rotten_flesh":3,"minecraft:torch":2,"minecraft:golden_apple":4,"minecraft:crafting_table":4,"biomesoplenty:wildflower":4,"minecraft:diamond_pickaxe":18,"minecraft:firework_rocket":5,"biomesoplenty:orange_sand":4,"minecraft:cut_red_sandstone":4,"minecraft:stone_axe":15,"minecraft:potion":1,"minecraft:golden_carrot":21,"minecraft:cooked_beef":20,"epicfight:uchigatana":184},"minecraft:mined":{"biomesoplenty:orange_sand":4,"biomesoplenty:desert_grass":1,"biomesoplenty:wildflower":2,"minecraft:chiseled_red_sandstone":1,"minecraft:crafting_table":1,"gravestone:gravestone":4,"dynamictrees:acacia_leaves":1,"minecraft:chest":1,"biomesoplenty:dune_grass":7,"minecraft:wall_torch":2,"minecraft:spawner":7,"minecraft:carrots":1,"minecraft:fire":2,"minecraft:stone_brick_stairs":2,"minecraft:mossy_stone_brick_stairs":1,"minecraft:potatoes":1,"minecraft:coal_ore":3,"minecraft:beetroots":2,"minecraft:pitcher_crop":1,"minecraft:iron_bars":2,"dtbop:acacia_undergrowth_leaves":1,"minecraft:stone":22}},"DataVersion":3465}