{"stats":{"minecraft:broken":{"minecraft:stone_pickaxe":1},"minecraft:crafted":{"minecraft:oak_planks":72,"minecraft:crafting_table":2,"minecraft:wooden_pickaxe":1,"minecraft:iron_helmet":1,"minecraft:iron_sword":1,"minecraft:furnace":3,"minecraft:air":0,"minecraft:oak_boat":1,"minecraft:iron_boots":1,"minecraft:iron_chestplate":1,"minecraft:iron_axe":1,"minecraft:iron_ingot":52,"minecraft:iron_pickaxe":1,"minecraft:stone_pickaxe":1,"minecraft:wooden_axe":1,"minecraft:iron_leggings":1,"minecraft:torch":124},"minecraft:used":{"minecraft:stone_pickaxe":131,"minecraft:dried_kelp":1,"minecraft:wooden_pickaxe":5,"minecraft:iron_sword":84,"dynamictrees:oak_seed":13,"minecraft:rotten_flesh":7,"minecraft:torch":13,"minecraft:dirt":42,"dungeonsweaponry:cursed_axe":6,"minecraft:crafting_table":3,"minecraft:red_bed":1,"minecraft:wooden_axe":14,"minecraft:melon_slice":15,"minecraft:chicken":2,"minecraft:iron_axe":2,"minecraft:rooted_dirt":1,"minecraft:iron_pickaxe":195,"minecraft:cobblestone":74,"minecraft:furnace":6,"minecraft:oak_boat":3},"minecraft:mined":{"minecraft:red_bed":2,"minecraft:kelp_plant":13,"biomesoplenty:black_sand":2,"minecraft:crafting_table":2,"gravestone:gravestone":13,"minecraft:tall_grass":2,"minecraft:copper_ore":1,"minecraft:cobblestone":2,"minecraft:kelp":10,"minecraft:diorite":14,"minecraft:spawner":1,"minecraft:horn_coral":1,"dynamictrees:oak_leaves":1,"minecraft:tall_seagrass":1,"minecraft:furnace":6,"minecraft:dark_oak_door":1,"minecraft:iron_ore":61,"minecraft:fire":23,"minecraft:andesite":27,"minecraft:grass":14,"minecraft:coal_ore":43,"minecraft:sand":1,"minecraft:dirt":21,"minecraft:stone_bricks":1,"minecraft:stone":156},"minecraft:custom":{"minecraft:interact_with_furnace":26,"minecraft:mob_kills":16,"minecraft:interact_with_crafting_table":7,"minecraft:open_barrel":10,"minecraft:leave_game":2,"minecraft:time_since_death":2592,"minecraft:climb_one_cm":75,"minecraft:time_since_rest":2623,"minecraft:sprint_one_cm":158839,"minecraft:walk_one_cm":198573,"minecraft:damage_taken":3631,"minecraft:damage_absorbed":420,"minecraft:trigger_trapped_chest":1,"minecraft:drop":28,"minecraft:damage_dealt":3302,"minecraft:swim_one_cm":63934,"minecraft:fly_one_cm":355197,"minecraft:open_chest":7,"minecraft:crouch_one_cm":8388,"minecraft:play_time":63726,"minecraft:deaths":13,"minecraft:sneak_time":2685,"minecraft:walk_under_water_one_cm":39520,"minecraft:boat_one_cm":437587,"minecraft:jump":972,"minecraft:walk_on_water_one_cm":40704,"minecraft:total_world_time":63726,"minecraft:fall_one_cm":26306},"minecraft:dropped":{"minecraft:furnace":3,"minecraft:moss_carpet":6,"minecraft:wheat_seeds":3,"minecraft:raw_copper":3,"minecraft:chicken":1,"biomesoplenty:black_sand":2,"minecraft:coal":1,"minecraft:dirt":7,"minecraft:diorite":1,"minecraft:andesite":27,"minecraft:wooden_axe":1,"gravestone:obituary":13},"minecraft:picked_up":{"minecraft:crafting_table":2,"minecraft:feather":1,"minecraft:chicken":3,"minecraft:andesite":27,"minecraft:wooden_pickaxe":1,"aether:iron_gloves":2,"paraglider:spirit_orb":2,"minecraft:oak_log":25,"gravestone:obituary":1,"minecraft:gunpowder":2,"minecraft:red_bed":2,"minecraft:dirt":49,"minecraft:moss_carpet":6,"minecraft:raw_copper":3,"minecraft:bone":4,"minecraft:oak_sign":1,"minecraft:kelp":103,"minecraft:wheat_seeds":3,"biomesoplenty:black_sand":2,"minecraft:spruce_planks":5,"minecraft:iron_ingot":1,"minecraft:oak_boat":2,"minecraft:poppy":1,"dynamictrees:oak_seed":13,"minecraft:diamond_helmet":1,"minecraft:melon_slice":15,"minecraft:egg":4,"minecraft:furnace":6,"minecraft:dark_oak_door":1,"minecraft:dark_oak_slab":2,"minecraft:raw_iron":60,"minecraft:stick":63,"minecraft:dried_kelp":1,"minecraft:stone_button":1,"minecraft:diorite":14,"mowziesmobs:naga_fang":3,"minecraft:diamond_chestplate":1,"minecraft:arrow":1,"minecraft:rotten_flesh":1,"minecraft:rooted_dirt":1,"minecraft:coal":75,"minecraft:cobblestone":159},"minecraft:killed_by":{"mowziesmobs:naga":10},"minecraft:killed":{"minecraft:evoker":1,"minecraft:skeleton":3,"minecraft:zombie":1,"minecraft:chicken":3,"cataclysm:deepling":1,"minecraft:drowned":2,"mowziesmobs:naga":5}},"DataVersion":3465}