{"stats":{"minecraft:broken":{"minecraft:iron_boots":1,"minecraft:iron_leggings":1,"minecraft:stone_pickaxe":1},"minecraft:crafted":{"minecraft:black_dye":2,"minecraft:oak_planks":104,"minecraft:furnace":6,"minecraft:bone_meal":3,"minecraft:glass":12,"minecraft:iron_boots":1,"minecraft:iron_axe":1,"minecraft:stone_pickaxe":1,"minecraft:chest":1,"minecraft:spruce_boat":1,"minecraft:black_wool":2,"minecraft:wheat":173,"minecraft:crafting_table":9,"minecraft:spruce_planks":16,"travelersbackpack:backpack_tank":2,"minecraft:iron_helmet":1,"minecraft:wooden_pickaxe":2,"travelersbackpack:standard":1,"minecraft:iron_sword":1,"travelersbackpack:black_sleeping_bag":1,"biomesoplenty:willow_planks":4,"minecraft:air":0,"minecraft:bread":60,"minecraft:oak_boat":3,"minecraft:iron_chestplate":1,"minecraft:diamond_pickaxe":1,"minecraft:stick":20,"minecraft:iron_ingot":52,"minecraft:iron_pickaxe":1,"minecraft:wooden_axe":1,"minecraft:iron_leggings":1,"minecraft:torch":160},"minecraft:mined":{"minecraft:ladder":4,"gravestone:gravestone":14,"minecraft:grass_block":2,"minecraft:kelp":10,"dynamictrees:oak_leaves":1,"minecraft:spawner":16,"minecraft:hay_block":20,"minecraft:horn_coral":1,"minecraft:tall_seagrass":1,"minecraft:furnace":9,"minecraft:iron_ore":61,"minecraft:fire":23,"minecraft:andesite":27,"biomesoplenty:sea_oats":1,"minecraft:mossy_stone_brick_stairs":3,"minecraft:vine":7,"minecraft:iron_bars":23,"minecraft:stone":255,"minecraft:red_bed":3,"minecraft:kelp_plant":13,"biomesoplenty:black_sand":2,"minecraft:crafting_table":2,"minecraft:melon":19,"minecraft:copper_ore":1,"minecraft:tall_grass":2,"minecraft:cobblestone":8,"minecraft:diorite":14,"minecraft:iron_door":1,"minecraft:big_dripleaf":1,"minecraft:seagrass":1,"biomesoplenty:huge_lily_pad":1,"minecraft:dark_oak_door":1,"minecraft:light_gray_wool":3,"minecraft:tnt":1,"minecraft:stone_brick_stairs":1,"minecraft:grass":18,"minecraft:coal_ore":43,"minecraft:sand":18,"minecraft:dirt":27,"minecraft:stone_bricks":2,"minecraft:netherrack":1,"minecraft:mossy_stone_bricks":2,"minecraft:fern":8},"minecraft:used":{"minecraft:dried_kelp":1,"minecraft:chest":1,"minecraft:shield":3,"minecraft:iron_sword":84,"minecraft:rotten_flesh":7,"dynamictrees:oak_seed":13,"minecraft:iron_chestplate":2,"minecraft:torch":110,"minecraft:dirt":46,"minecraft:carrot":15,"minecraft:wooden_axe":14,"minecraft:spruce_boat":1,"minecraft:iron_axe":39,"minecraft:rooted_dirt":1,"minecraft:totem_of_undying":1,"minecraft:furnace":9,"minecraft:stone_pickaxe":131,"minecraft:wooden_pickaxe":7,"minecraft:golden_apple":4,"minecraft:sand":1,"dungeonsweaponry:cursed_axe":187,"minecraft:tnt":1,"minecraft:crafting_table":11,"minecraft:red_bed":2,"minecraft:diamond_pickaxe":154,"minecraft:chicken":2,"minecraft:bread":31,"minecraft:melon_slice":59,"minecraft:iron_pickaxe":222,"minecraft:cobblestone":76,"minecraft:potion":2,"minecraft:pumpkin_pie":6,"minecraft:oak_boat":5,"minecraft:bone_meal":3},"minecraft:custom":{"minecraft:mob_kills":67,"minecraft:interact_with_crafting_table":28,"minecraft:open_barrel":10,"minecraft:eat_cake_slice":2,"minecraft:leave_game":5,"minecraft:time_since_death":101346,"minecraft:climb_one_cm":51543,"minecraft:sprint_one_cm":729241,"minecraft:walk_one_cm":640130,"minecraft:damage_blocked_by_shield":160,"minecraft:drop":73,"minecraft:talked_to_villager":2,"minecraft:play_time":165234,"minecraft:sneak_time":3155,"minecraft:deaths":14,"minecraft:walk_under_water_one_cm":54897,"minecraft:boat_one_cm":556612,"minecraft:interact_with_brewingstand":1,"minecraft:jump":2564,"minecraft:walk_on_water_one_cm":81062,"minecraft:total_world_time":165234,"minecraft:interact_with_furnace":37,"minecraft:sleep_in_bed":2,"minecraft:time_since_rest":2818,"minecraft:damage_absorbed":1027,"minecraft:damage_taken":6849,"minecraft:trigger_trapped_chest":5,"minecraft:damage_dealt":12970,"minecraft:swim_one_cm":80681,"minecraft:fly_one_cm":1107389,"minecraft:open_chest":75,"minecraft:crouch_one_cm":11995,"minecraft:fall_one_cm":63181,"minecraft:horse_one_cm":475},"minecraft:dropped":{"minecraft:birch_planks":1,"minecraft:wheat_seeds":3,"minecraft:glass_bottle":2,"minecraft:dark_oak_slab":10,"biomesoplenty:black_sand":2,"minecraft:iron_helmet":1,"minecraft:cobblestone":40,"minecraft:mossy_stone_brick_stairs":2,"minecraft:spruce_stairs":12,"minecraft:coal":1,"minecraft:dirt":7,"minecraft:red_bed":1,"minecraft:diorite":1,"minecraft:torch":22,"minecraft:wooden_axe":1,"minecraft:melon_slice":1,"gravestone:obituary":14,"minecraft:sand":2,"minecraft:iron_pickaxe":1,"minecraft:chainmail_leggings":1,"minecraft:tripwire_hook":1,"minecraft:furnace":6,"minecraft:moss_carpet":6,"minecraft:kelp":19,"minecraft:raw_copper":3,"aether:golden_gloves":1,"minecraft:wheat":1,"minecraft:chicken":1,"minecraft:rotten_flesh":1,"minecraft:light_gray_wool":3,"minecraft:oak_planks":3,"minecraft:ender_eye":2,"minecraft:hay_block":5,"aether:iron_gloves":1,"minecraft:spruce_planks":5,"minecraft:diamond_pickaxe":4,"minecraft:iron_chestplate":2,"minecraft:andesite":27,"minecraft:chest":1,"minecraft:ladder":2,"minecraft:spider_eye":3,"minecraft:stone_bricks":1,"minecraft:iron_bars":2},"minecraft:picked_up":{"minecraft:iron_chestplate":1,"minecraft:crafting_table":2,"minecraft:wheat":8,"minecraft:chicken":5,"minecraft:ladder":2,"aether:iron_gloves":2,"minecraft:lead":1,"minecraft:wooden_pickaxe":1,"biomesoplenty:huge_lily_pad":1,"gravestone:obituary":1,"minecraft:string":7,"minecraft:oak_trapdoor":1,"minecraft:red_bed":4,"minecraft:moss_carpet":6,"minecraft:raw_copper":6,"minecraft:oak_sign":3,"biomesoplenty:black_sand":2,"minecraft:spruce_planks":9,"minecraft:beef":12,"minecraft:oak_boat":2,"minecraft:player_head":2,"minecraft:ender_eye":2,"dynamictrees:oak_seed":13,"minecraft:poppy":1,"minecraft:light_gray_wool":3,"minecraft:melon_slice":111,"minecraft:chest":2,"minecraft:furnace":9,"minecraft:egg":4,"minecraft:dark_oak_door":1,"minecraft:tipped_arrow":2,"minecraft:stick":63,"minecraft:raw_iron":60,"minecraft:torch":3,"minecraft:spruce_stairs":12,"minecraft:spruce_fence":1,"minecraft:dried_kelp":1,"minecraft:stone_button":1,"minecraft:diorite":14,"minecraft:dark_oak_planks":3,"minecraft:tnt":1,"minecraft:arrow":10,"minecraft:rotten_flesh":7,"minecraft:diamond_chestplate":1,"minecraft:hay_block":25,"minecraft:totem_of_undying":2,"minecraft:iron_bars":10,"minecraft:skeleton_skull":2,"minecraft:white_wool":6,"minecraft:cobblestone":234,"minecraft:feather":10,"minecraft:andesite":27,"minecraft:iron_door":1,"minecraft:tripwire_hook":1,"minecraft:salmon":2,"minecraft:jungle_log":15,"minecraft:leather":8,"minecraft:birch_planks":1,"paraglider:spirit_orb":22,"minecraft:flint":5,"minecraft:oak_log":26,"minecraft:gunpowder":3,"minecraft:dirt":88,"minecraft:glass":4,"minecraft:bone":21,"minecraft:stone_bricks":2,"minecraft:kelp":122,"minecraft:wheat_seeds":3,"minecraft:spruce_wood":4,"minecraft:iron_ingot":1,"minecraft:diamond_helmet":1,"minecraft:glass_bottle":2,"minecraft:honeycomb":22,"minecraft:mossy_stone_brick_stairs":2,"minecraft:dark_oak_stairs":4,"minecraft:dark_oak_slab":12,"minecraft:black_terracotta":2,"minecraft:sand":20,"minecraft:ink_sac":2,"minecraft:spider_eye":3,"mowziesmobs:naga_fang":3,"biomesoplenty:willow_log":1,"minecraft:chainmail_leggings":2,"minecraft:chainmail_helmet":2,"minecraft:emerald":4,"minecraft:rooted_dirt":1,"minecraft:coal":85,"minecraft:diamond_pickaxe":3},"minecraft:killed_by":{"mowziesmobs:naga":10},"minecraft:killed":{"minecraft:evoker":1,"minecraft:cave_spider":1,"minecraft:witch":2,"mythicmounts:courierbird":1,"minecraft:spider":6,"minecraft:skeleton":10,"minecraft:horse":4,"minecraft:chicken":3,"minecraft:drowned":2,"minecraft:creeper":1,"minecraft:squid":2,"minecraft:pillager":2,"minecraft:zombie":9,"cataclysm:deepling":1,"minecraft:stray":5,"dungeonsweaponry:geomancer":1,"minecraft:wither_skeleton":3,"minecraft:cow":5,"mowziesmobs:naga":5}},"DataVersion":3465}