{"stats":{"minecraft:broken":{"minecraft:iron_leggings":1},"minecraft:custom":{"minecraft:mob_kills":26,"minecraft:interact_with_crafting_table":3,"minecraft:interact_with_cartography_table":1,"minecraft:open_barrel":1,"minecraft:leave_game":4,"minecraft:time_since_death":32477,"minecraft:climb_one_cm":3860,"minecraft:time_since_rest":32502,"minecraft:waystone_activated":1,"minecraft:sprint_one_cm":272730,"minecraft:damage_absorbed":930,"minecraft:damage_taken":3929,"minecraft:walk_one_cm":414889,"minecraft:trigger_trapped_chest":1,"minecraft:drop":19,"minecraft:damage_dealt":6878,"minecraft:fly_one_cm":380756,"minecraft:open_chest":26,"minecraft:crouch_one_cm":7028,"minecraft:play_time":62839,"minecraft:deaths":5,"minecraft:sneak_time":789,"minecraft:walk_under_water_one_cm":360,"minecraft:jump":1068,"minecraft:walk_on_water_one_cm":2571,"minecraft:total_world_time":62839,"minecraft:fall_one_cm":61326},"minecraft:killed":{"dungeonsweaponry:enchanter":1,"minecraft:spider":4,"minecraft:skeleton":3,"cataclysm:ignited_berserker":1,"minecraft:zombie":12,"minecraft:stray":3,"minecraft:silverfish":1},"minecraft:crafted":{"minecraft:crafting_table":3,"minecraft:wooden_pickaxe":1,"minecraft:diamond_pickaxe":1,"minecraft:stick":8,"minecraft:stone_pickaxe":2,"minecraft:acacia_planks":60},"minecraft:picked_up":{"minecraft:clock":1,"minecraft:cooked_beef":17,"minecraft:chainmail_boots":1,"minecraft:clay_ball":4,"minecraft:red_sandstone_stairs":2,"minecraft:brown_mushroom":1,"minecraft:lead":1,"minecraft:potato":3,"minecraft:filled_map":1,"paraglider:spirit_orb":6,"minecraft:enchanted_book":1,"gravestone:obituary":2,"minecraft:string":4,"aether:diamond_gloves":1,"minecraft:iron_leggings":1,"minecraft:iron_shovel":1,"minecraft:bone":4,"minecraft:red_sandstone":4,"minecraft:stone_pickaxe":1,"biomesoplenty:wildflower":4,"minecraft:chest":1,"minecraft:pitcher_pod":1,"minecraft:egg":1,"minecraft:stick":16,"minecraft:brown_terracotta":2,"minecraft:torch":4,"minecraft:acacia_log":30,"dynamictrees:acacia_seed":3,"minecraft:carrot":2,"minecraft:cut_red_sandstone":5,"cataclysm:dying_ember":2,"minecraft:arrow":4,"minecraft:rotten_flesh":6,"minecraft:stone_axe":2,"minecraft:beetroot_seeds":2,"minecraft:emerald":2,"minecraft:chiseled_red_sandstone":2,"minecraft:coal":3,"minecraft:iron_bars":6,"biomesoplenty:orange_sand":4,"minecraft:cobblestone":21},"minecraft:killed_by":{"minecraft:wither_skeleton":1,"minecraft:zombie":1},"minecraft:dropped":{"endrem:rogue_eye":1,"minecraft:rotten_flesh":4,"minecraft:lantern":2,"minecraft:golden_apple":5,"minecraft:filled_map":1,"minecraft:beetroot_seeds":2,"gravestone:obituary":4,"minecraft:brown_terracotta":1,"minecraft:bamboo":3,"minecraft:stone_pickaxe":2,"minecraft:red_sandstone_stairs":2,"dynamictrees:acacia_seed":2,"epicfight:skillbook":1},"minecraft:used":{"epicfight:skillbook":3,"minecraft:iron_bars":3,"minecraft:stone_pickaxe":8,"minecraft:wooden_pickaxe":13,"minecraft:rotten_flesh":3,"minecraft:torch":2,"minecraft:golden_apple":4,"minecraft:crafting_table":3,"biomesoplenty:wildflower":4,"minecraft:diamond_pickaxe":18,"minecraft:firework_rocket":5,"biomesoplenty:orange_sand":4,"minecraft:cut_red_sandstone":4,"minecraft:stone_axe":15,"minecraft:golden_carrot":10,"minecraft:cooked_beef":17,"epicfight:uchigatana":138},"minecraft:mined":{"biomesoplenty:orange_sand":4,"biomesoplenty:wildflower":2,"minecraft:chiseled_red_sandstone":1,"biomesoplenty:desert_grass":1,"minecraft:crafting_table":1,"gravestone:gravestone":4,"dynamictrees:acacia_leaves":1,"minecraft:chest":1,"biomesoplenty:dune_grass":7,"minecraft:wall_torch":2,"minecraft:spawner":7,"minecraft:carrots":1,"minecraft:fire":2,"minecraft:stone_brick_stairs":2,"minecraft:coal_ore":3,"minecraft:mossy_stone_brick_stairs":1,"minecraft:potatoes":1,"minecraft:pitcher_crop":1,"minecraft:beetroots":2,"minecraft:iron_bars":2,"dtbop:acacia_undergrowth_leaves":1,"minecraft:stone":22}},"DataVersion":3465}