{"stats":{"minecraft:dropped":{"endrem:rogue_eye":1,"minecraft:rotten_flesh":3,"minecraft:stone_pickaxe":2,"dynamictrees:acacia_seed":2},"minecraft:mined":{"minecraft:carrots":1,"biomesoplenty:orange_sand":4,"biomesoplenty:wildflower":2,"minecraft:chiseled_red_sandstone":1,"biomesoplenty:desert_grass":1,"minecraft:crafting_table":1,"gravestone:gravestone":2,"minecraft:potatoes":1,"minecraft:beetroots":2,"minecraft:pitcher_crop":1,"minecraft:chest":1,"minecraft:iron_bars":2,"dtbop:acacia_undergrowth_leaves":1,"minecraft:stone":6,"minecraft:wall_torch":2,"biomesoplenty:dune_grass":6,"minecraft:spawner":2},"minecraft:killed":{"minecraft:skeleton":2,"minecraft:spider":1},"minecraft:crafted":{"minecraft:crafting_table":2,"minecraft:stick":4,"minecraft:wooden_pickaxe":1,"minecraft:stone_pickaxe":2,"minecraft:acacia_planks":60},"minecraft:picked_up":{"minecraft:stick":16,"minecraft:clock":1,"minecraft:clay_ball":4,"minecraft:red_sandstone_stairs":2,"minecraft:torch":4,"minecraft:brown_terracotta":1,"minecraft:brown_mushroom":1,"minecraft:lead":1,"minecraft:acacia_log":30,"minecraft:potato":3,"paraglider:spirit_orb":2,"minecraft:enchanted_book":1,"dynamictrees:acacia_seed":3,"minecraft:carrot":1,"minecraft:string":1,"minecraft:cut_red_sandstone":5,"minecraft:arrow":1,"minecraft:beetroot_seeds":2,"minecraft:stone_axe":2,"minecraft:red_sandstone":4,"minecraft:stone_pickaxe":1,"minecraft:chiseled_red_sandstone":2,"biomesoplenty:wildflower":4,"minecraft:chest":1,"minecraft:pitcher_pod":1,"minecraft:iron_bars":2,"biomesoplenty:orange_sand":4,"minecraft:cobblestone":6},"minecraft:custom":{"minecraft:time_since_rest":4579,"minecraft:damage_taken":716,"minecraft:sprint_one_cm":89446,"minecraft:damage_absorbed":81,"minecraft:walk_one_cm":144499,"minecraft:trigger_trapped_chest":1,"minecraft:mob_kills":3,"minecraft:drop":6,"minecraft:damage_dealt":916,"minecraft:interact_with_cartography_table":1,"minecraft:interact_with_crafting_table":2,"minecraft:fly_one_cm":128225,"minecraft:open_barrel":1,"minecraft:open_chest":3,"minecraft:crouch_one_cm":734,"minecraft:play_time":18226,"minecraft:deaths":3,"minecraft:sneak_time":146,"minecraft:jump":386,"minecraft:leave_game":2,"minecraft:time_since_death":3938,"minecraft:walk_on_water_one_cm":681,"minecraft:total_world_time":18226,"minecraft:fall_one_cm":6436},"minecraft:used":{"epicfight:skillbook":1,"biomesoplenty:orange_sand":4,"minecraft:wooden_pickaxe":11,"minecraft:stone_axe":15,"minecraft:torch":2,"minecraft:crafting_table":2,"biomesoplenty:wildflower":4,"epicfight:uchigatana":10},"minecraft:killed_by":{"minecraft:zombie":1}},"DataVersion":3465}