{"stats":{"minecraft:broken":{"minecraft:stone_pickaxe":1},"minecraft:crafted":{"minecraft:oak_planks":104,"minecraft:furnace":3,"minecraft:iron_boots":1,"minecraft:iron_axe":1,"minecraft:stone_pickaxe":1,"minecraft:spruce_boat":1,"minecraft:crafting_table":4,"minecraft:spruce_planks":16,"minecraft:wooden_pickaxe":2,"minecraft:iron_helmet":1,"minecraft:iron_sword":1,"minecraft:air":0,"minecraft:oak_boat":3,"minecraft:iron_chestplate":1,"minecraft:stick":4,"minecraft:iron_ingot":52,"minecraft:iron_pickaxe":1,"minecraft:wooden_axe":1,"minecraft:iron_leggings":1,"minecraft:torch":124},"minecraft:mined":{"gravestone:gravestone":14,"minecraft:kelp":10,"minecraft:spawner":1,"dynamictrees:oak_leaves":1,"minecraft:horn_coral":1,"minecraft:tall_seagrass":1,"minecraft:furnace":6,"minecraft:iron_ore":61,"minecraft:fire":23,"minecraft:andesite":27,"minecraft:stone":160,"minecraft:red_bed":2,"minecraft:kelp_plant":13,"biomesoplenty:black_sand":2,"minecraft:crafting_table":2,"minecraft:melon":19,"minecraft:copper_ore":1,"minecraft:tall_grass":2,"minecraft:cobblestone":4,"minecraft:diorite":14,"minecraft:big_dripleaf":1,"minecraft:seagrass":1,"biomesoplenty:huge_lily_pad":1,"minecraft:dark_oak_door":1,"minecraft:grass":18,"minecraft:coal_ore":43,"minecraft:sand":1,"minecraft:dirt":21,"minecraft:stone_bricks":2,"minecraft:mossy_stone_bricks":2,"minecraft:fern":6},"minecraft:used":{"minecraft:dried_kelp":1,"minecraft:chest":1,"minecraft:iron_sword":84,"dynamictrees:oak_seed":13,"minecraft:rotten_flesh":7,"minecraft:torch":13,"minecraft:dirt":42,"minecraft:spruce_boat":1,"minecraft:wooden_axe":14,"minecraft:iron_axe":39,"minecraft:rooted_dirt":1,"minecraft:furnace":6,"minecraft:stone_pickaxe":131,"minecraft:wooden_pickaxe":7,"dungeonsweaponry:cursed_axe":18,"minecraft:crafting_table":6,"minecraft:red_bed":1,"minecraft:chicken":2,"minecraft:melon_slice":30,"minecraft:iron_pickaxe":203,"minecraft:cobblestone":76,"minecraft:oak_boat":5},"minecraft:custom":{"minecraft:mob_kills":21,"minecraft:interact_with_crafting_table":15,"minecraft:open_barrel":10,"minecraft:leave_game":2,"minecraft:time_since_death":11838,"minecraft:climb_one_cm":75,"minecraft:sprint_one_cm":208672,"minecraft:walk_one_cm":240628,"minecraft:drop":39,"minecraft:play_time":75726,"minecraft:deaths":14,"minecraft:sneak_time":2815,"minecraft:walk_under_water_one_cm":50172,"minecraft:boat_one_cm":511252,"minecraft:jump":1206,"minecraft:walk_on_water_one_cm":50858,"minecraft:total_world_time":75726,"minecraft:interact_with_furnace":26,"minecraft:time_since_rest":11865,"minecraft:damage_taken":3801,"minecraft:damage_absorbed":420,"minecraft:trigger_trapped_chest":5,"minecraft:damage_dealt":4358,"minecraft:swim_one_cm":76608,"minecraft:fly_one_cm":468680,"minecraft:open_chest":10,"minecraft:crouch_one_cm":8524,"minecraft:fall_one_cm":31793},"minecraft:dropped":{"minecraft:birch_planks":1,"minecraft:wheat_seeds":3,"minecraft:dark_oak_slab":10,"biomesoplenty:black_sand":2,"minecraft:spruce_stairs":12,"minecraft:coal":1,"minecraft:dirt":7,"minecraft:diorite":1,"minecraft:wooden_axe":1,"gravestone:obituary":14,"minecraft:chainmail_leggings":1,"minecraft:tripwire_hook":1,"minecraft:furnace":3,"minecraft:moss_carpet":6,"minecraft:kelp":19,"minecraft:raw_copper":3,"minecraft:chicken":1,"minecraft:spruce_planks":5,"minecraft:andesite":27,"minecraft:chest":1,"minecraft:stone_bricks":1},"minecraft:picked_up":{"minecraft:crafting_table":2,"minecraft:chicken":4,"minecraft:lead":1,"aether:iron_gloves":2,"minecraft:wooden_pickaxe":1,"biomesoplenty:huge_lily_pad":1,"gravestone:obituary":1,"minecraft:oak_trapdoor":1,"minecraft:red_bed":2,"minecraft:moss_carpet":6,"minecraft:raw_copper":6,"minecraft:oak_sign":3,"biomesoplenty:black_sand":2,"minecraft:spruce_planks":9,"minecraft:beef":5,"minecraft:oak_boat":2,"minecraft:player_head":2,"dynamictrees:oak_seed":13,"minecraft:poppy":1,"minecraft:melon_slice":110,"minecraft:chest":2,"minecraft:furnace":6,"minecraft:egg":4,"minecraft:dark_oak_door":1,"minecraft:stick":63,"minecraft:raw_iron":60,"minecraft:torch":1,"minecraft:spruce_stairs":12,"minecraft:spruce_fence":1,"minecraft:dried_kelp":1,"minecraft:stone_button":1,"minecraft:diorite":14,"minecraft:dark_oak_planks":3,"minecraft:rotten_flesh":1,"minecraft:arrow":1,"minecraft:diamond_chestplate":1,"minecraft:totem_of_undying":2,"minecraft:skeleton_skull":2,"minecraft:cobblestone":163,"minecraft:feather":10,"minecraft:andesite":27,"minecraft:tripwire_hook":1,"minecraft:salmon":2,"minecraft:jungle_log":15,"minecraft:birch_planks":1,"paraglider:spirit_orb":2,"minecraft:flint":5,"minecraft:oak_log":26,"minecraft:gunpowder":3,"minecraft:dirt":56,"minecraft:bone":4,"minecraft:stone_bricks":2,"minecraft:kelp":122,"minecraft:wheat_seeds":3,"minecraft:spruce_wood":4,"minecraft:iron_ingot":1,"minecraft:diamond_helmet":1,"minecraft:honeycomb":22,"minecraft:dark_oak_stairs":4,"minecraft:dark_oak_slab":12,"minecraft:black_terracotta":2,"minecraft:sand":1,"mowziesmobs:naga_fang":3,"minecraft:chainmail_leggings":2,"minecraft:emerald":2,"minecraft:rooted_dirt":1,"minecraft:coal":75},"minecraft:killed_by":{"mowziesmobs:naga":10},"minecraft:killed":{"minecraft:evoker":1,"minecraft:witch":1,"minecraft:skeleton":5,"minecraft:chicken":3,"minecraft:drowned":2,"minecraft:creeper":1,"minecraft:zombie":2,"cataclysm:deepling":1,"mowziesmobs:naga":5}},"DataVersion":3465}