{"stats":{"minecraft:broken":{"minecraft:stone_pickaxe":1},"minecraft:custom":{"minecraft:interact_with_crafting_table":62,"minecraft:open_barrel":236,"minecraft:bell_ring":1,"minecraft:leave_game":2,"minecraft:time_since_death":49671,"minecraft:sprint_one_cm":1296923,"minecraft:damage_blocked_by_shield":3220,"minecraft:drop":117,"minecraft:play_time":310273,"minecraft:deaths":8,"minecraft:jump":3710,"minecraft:walk_on_water_one_cm":23738,"minecraft:interact_with_furnace":47,"minecraft:sleep_in_bed":2,"minecraft:damage_dealt":30938,"minecraft:player_kills":1,"minecraft:crouch_one_cm":59983,"minecraft:inspect_dispenser":2,"minecraft:horse_one_cm":34162,"minecraft:mob_kills":178,"minecraft:interact_with_anvil":6,"minecraft:climb_one_cm":13095,"minecraft:walk_one_cm":2231637,"minecraft:sneak_time":21535,"minecraft:walk_under_water_one_cm":15340,"minecraft:boat_one_cm":814391,"minecraft:total_world_time":310273,"minecraft:time_since_rest":49702,"minecraft:damage_taken":7335,"minecraft:damage_absorbed":441,"minecraft:swim_one_cm":63014,"minecraft:fly_one_cm":1018396,"minecraft:open_chest":209,"minecraft:fall_one_cm":63719},"minecraft:killed":{"minecraft:cave_spider":3,"minecraft:witch":10,"mythicmounts:courierbird":1,"minecraft:spider":4,"dungeonsweaponry:enchanter":2,"minecraft:skeleton":11,"minecraft:chicken":1,"minecraft:piglin_brute":1,"minecraft:piglin":10,"minecraft:parrot":7,"minecraft:pig":5,"minecraft:creeper":2,"minecraft:sheep":2,"minecraft:pillager":29,"minecraft:zombie":51,"minecraft:stray":1,"minecraft:cow":2,"minecraft:vindicator":16,"minecraft:bat":1,"minecraft:frog":1,"minecraft:hoglin":5,"minecraft:wither_skeleton":1},"minecraft:crafted":{"minecraft:oak_planks":48,"minecraft:cooked_chicken":1,"minecraft:cooked_mutton":1,"minecraft:glass":12,"minecraft:diamond_leggings":1,"minecraft:bow":1,"minecraft:iron_boots":1,"minecraft:golden_boots":1,"minecraft:cooked_porkchop":11,"minecraft:diamond_axe":1,"minecraft:crafting_table":10,"minecraft:spruce_planks":28,"minecraft:iron_chestplate":2,"minecraft:diamond_pickaxe":3,"minecraft:emerald_block":21,"minecraft:shield":3,"minecraft:stick":28,"minecraft:iron_pickaxe":2,"minecraft:iron_ingot":31,"minecraft:iron_block":27,"biomesoplenty:mahogany_boat":3,"minecraft:gold_ingot":40,"magistuarmory:leather_strip":6,"biomesoplenty:mahogany_planks":36,"minecraft:furnace":2,"minecraft:diamond_block":10,"magistuarmory:hilt":2,"minecraft:iron_axe":1,"minecraft:stone_pickaxe":1,"minecraft:dark_oak_planks":40,"minecraft:wheat":370,"minecraft:cooked_beef":5,"minecraft:diamond_sword":1,"travelersbackpack:backpack_tank":2,"minecraft:iron_sword":1,"epic_knights__japanese_armory:iron_katana":2,"minecraft:bucket":1,"minecraft:dark_oak_button":4,"minecraft:stone_axe":1,"minecraft:bread":126,"minecraft:air":0,"minecraft:oak_boat":2,"biomesoplenty:mahogany_door":3,"minecraft:wooden_axe":1,"minecraft:iron_leggings":1,"minecraft:anvil":1,"minecraft:white_bed":1,"minecraft:torch":32,"minecraft:diamond_chestplate":1},"minecraft:picked_up":{"minecraft:iron_chestplate":1,"minecraft:wheat":9,"minecraft:nether_brick_fence":1,"minecraft:anvil":5,"minecraft:lead":2,"minecraft:diamond_sword":2,"minecraft:gilded_blackstone":22,"minecraft:string":7,"aether:diamond_gloves":3,"minecraft:diamond_leggings":1,"minecraft:gold_nugget":44,"minecraft:cobbled_deepslate":72,"minecraft:bucket":1,"minecraft:spruce_planks":12,"dynamictrees:oak_seed":2,"minecraft:netherite_upgrade_smithing_template":2,"minecraft:melon_slice":65,"minecraft:furnace":2,"minecraft:golden_helmet":1,"minecraft:stick":49,"minecraft:brown_terracotta":2,"minecraft:porkchop":16,"minecraft:torch":9,"minecraft:green_bed":3,"minecraft:spruce_stairs":8,"epicfight:skillbook":5,"minecraft:honey_bottle":3,"minecraft:rotten_flesh":28,"biomesoplenty:rose_quartz_chunk":4,"minecraft:iron_block":1,"minecraft:obsidian":2,"minecraft:cobblestone":154,"minecraft:feather":12,"minecraft:birch_slab":3,"paraglider:spirit_orb":84,"minecraft:flint":3,"biomesoplenty:mahogany_boat":1,"minecraft:dirt":55,"minecraft:bone":6,"minecraft:acacia_planks":13,"minecraft:wheat_seeds":2,"minecraft:mossy_stone_bricks":2,"minecraft:diamond_helmet":1,"minecraft:glowstone_dust":1,"minecraft:oak_planks":22,"biomesoplenty:mahogany_planks":45,"minecraft:chiseled_polished_blackstone":3,"minecraft:cooked_porkchop":3,"minecraft:oak_pressure_plate":1,"minecraft:sand":22,"minecraft:acacia_stairs":4,"minecraft:jungle_slab":1,"minecraft:dark_oak_log":4,"minecraft:barrel":1,"minecraft:cracked_polished_blackstone_bricks":10,"minecraft:crossbow":1,"minecraft:golden_apple":1,"minecraft:emerald":20,"minecraft:netherrack":326,"minecraft:dark_oak_fence":1,"minecraft:diamond_pickaxe":1,"minecraft:crafting_table":2,"minecraft:chicken":1,"minecraft:gold_block":4,"gravestone:obituary":1,"minecraft:shield":1,"minecraft:oak_trapdoor":2,"minecraft:red_bed":2,"epicfight:stray_hat":1,"minecraft:cyan_carpet":1,"minecraft:beef":5,"minecraft:oak_boat":6,"minecraft:player_head":2,"minecraft:egg":1,"minecraft:stripped_crimson_hyphae":2,"minecraft:raw_iron":22,"minecraft:polished_blackstone_bricks":1,"minecraft:dark_oak_planks":95,"minecraft:tnt":1,"minecraft:arrow":40,"minecraft:diamond_chestplate":1,"minecraft:nether_bricks":4,"minecraft:diamond_boots":2,"minecraft:hay_block":73,"minecraft:stripped_dark_oak_wood":6,"minecraft:mutton":2,"minecraft:white_wool":4,"minecraft:basalt":3,"minecraft:leather":5,"minecraft:birch_planks":67,"minecraft:oak_log":10,"minecraft:lily_pad":2,"minecraft:golden_boots":2,"minecraft:gunpowder":11,"minecraft:dark_oak_stairs":28,"minecraft:book":6,"minecraft:oak_slab":2,"minecraft:dark_oak_slab":1,"minecraft:pumpkin":2,"minecraft:chiseled_stone_bricks":2,"minecraft:gravel":1,"minecraft:birch_stairs":1,"minecraft:white_bed":2,"dtbop:mahogany_seed":1,"minecraft:green_carpet":1,"minecraft:spider_eye":1,"biomesoplenty:mahogany_log":9,"minecraft:oak_wood":2,"minecraft:firework_rocket":55,"biomesoplenty:bramble":7,"biomesoplenty:mahogany_door":2,"minecraft:gray_wool":1,"epic_knights__japanese_armory:iron_katana":1,"minecraft:waxed_oxidized_cut_copper_slab":1,"minecraft:acacia_slab":2,"minecraft:coal":71},"minecraft:killed_by":{"minecraft:pillager":1,"cataclysm:deepling_brute":1,"minecraft:zombie":3},"minecraft:dropped":{"minecraft:birch_planks":3,"minecraft:oak_pressure_plate":1,"minecraft:baked_potato":11,"minecraft:diamond":3,"minecraft:cooked_porkchop":2,"minecraft:netherite_upgrade_smithing_template":2,"biomesoplenty:mahogany_planks":2,"minecraft:leather":2,"biomesoplenty:mahogany_door":2,"biomesoplenty:rose_quartz_chunk":4,"minecraft:dirt":16,"minecraft:pumpkin_pie":10,"minecraft:polished_blackstone_bricks":1,"minecraft:dark_oak_planks":19,"minecraft:bone":2,"dtbop:mahogany_seed":1,"minecraft:chiseled_polished_blackstone":3,"dynamictrees:oak_seed":1,"minecraft:wheat":1,"minecraft:rotten_flesh":8,"minecraft:oak_planks":2,"minecraft:nether_brick_fence":1,"minecraft:basalt":3,"minecraft:netherrack":1,"minecraft:firework_rocket":1,"minecraft:golden_boots":3,"minecraft:bread":25,"minecraft:wheat_seeds":2,"minecraft:diamond_leggings":1,"minecraft:feather":1,"minecraft:iron_helmet":1,"minecraft:lead":2,"minecraft:stick":22,"minecraft:iron_block":1,"minecraft:jungle_slab":1,"minecraft:gray_wool":1,"minecraft:torch":4,"spartanweaponry:wooden_heavy_crossbow":1,"minecraft:string":2,"minecraft:lily_pad":2,"minecraft:player_head":2,"epic_knights__japanese_armory:iron_katana":2,"minecraft:iron_boots":1,"spartanweaponry:bolt":3,"minecraft:diamond_sword":1,"minecraft:hay_block":5,"minecraft:shield":1,"minecraft:diamond_chestplate":1,"aether:diamond_gloves":1,"minecraft:diamond_pickaxe":3,"minecraft:diamond_boots":1},"minecraft:used":{"minecraft:shield":83,"minecraft:iron_sword":8,"minecraft:rotten_flesh":6,"minecraft:obsidian":2,"minecraft:lava_bucket":35,"minecraft:furnace":2,"minecraft:egg":1,"minecraft:dark_oak_stairs":21,"epicfight:skillbook":10,"minecraft:waxed_oxidized_cut_copper_slab":1,"minecraft:diamond_boots":1,"minecraft:stone_pickaxe":131,"minecraft:oak_planks":13,"minecraft:diamond_axe":295,"minecraft:sand":8,"biomesoplenty:mahogany_door":3,"minecraft:crossbow":9,"minecraft:birch_slab":1,"minecraft:melon_slice":50,"minecraft:bread":55,"minecraft:cyan_carpet":1,"minecraft:gravel":1,"minecraft:diamond_sword":855,"minecraft:oak_boat":7,"biomesoplenty:mahogany_planks":11,"minecraft:flint_and_steel":1,"minecraft:spruce_planks":32,"minecraft:cooked_chicken":1,"minecraft:netherrack":213,"minecraft:torch":43,"minecraft:dirt":37,"minecraft:anvil":5,"minecraft:dark_oak_planks":40,"minecraft:wooden_axe":8,"minecraft:iron_axe":69,"minecraft:acacia_slab":1,"minecraft:acacia_planks":9,"minecraft:cobbled_deepslate":66,"minecraft:pumpkin":1,"minecraft:cooked_mutton":1,"minecraft:water_bucket":10,"minecraft:birch_planks":55,"minecraft:baked_potato":40,"minecraft:green_bed":2,"minecraft:tnt":5,"minecraft:crafting_table":12,"minecraft:red_bed":1,"minecraft:white_bed":3,"minecraft:acacia_stairs":2,"minecraft:diamond_pickaxe":856,"minecraft:iron_pickaxe":34,"biomesoplenty:mahogany_boat":4,"minecraft:green_carpet":1,"minecraft:stone_axe":7,"minecraft:cobblestone":129,"epic_knights__japanese_armory:iron_katana":8,"minecraft:porkchop":2,"minecraft:cooked_porkchop":12,"minecraft:bucket":47,"minecraft:birch_stairs":1},"minecraft:mined":{"minecraft:dark_oak_planks":69,"minecraft:spruce_planks":14,"minecraft:white_bed":1,"minecraft:jungle_slab":1,"minecraft:obsidian":2,"minecraft:stripped_crimson_hyphae":2,"minecraft:chiseled_polished_blackstone":4,"biomesoplenty:bramble":6,"minecraft:grass_block":14,"biomesoplenty:rose_quartz_block":2,"minecraft:cracked_polished_blackstone_bricks":22,"minecraft:coal_block":2,"minecraft:gilded_blackstone":7,"minecraft:chiseled_stone_bricks":2,"minecraft:spawner":38,"biomesoplenty:bramble_leaves":3,"minecraft:polished_blackstone_bricks":115,"minecraft:cobbled_deepslate":2,"minecraft:iron_ore":22,"minecraft:fire":5,"minecraft:barrel":1,"minecraft:pumpkin":3,"minecraft:anvil":5,"minecraft:stripped_dark_oak_wood":9,"minecraft:dark_oak_stairs":43,"minecraft:iron_bars":4,"minecraft:green_carpet":1,"minecraft:green_bed":5,"minecraft:red_bed":3,"minecraft:blackstone":94,"minecraft:torch":2,"minecraft:melon":20,"minecraft:nether_quartz_ore":4,"minecraft:cobblestone":39,"minecraft:oak_planks":16,"minecraft:wall_torch":2,"minecraft:dark_oak_slab":2,"minecraft:nether_wart_block":1,"minecraft:tnt":1,"minecraft:smooth_stone_slab":1,"minecraft:grass":17,"minecraft:oak_log":1,"minecraft:sand":22,"minecraft:dirt":26,"minecraft:tripwire_hook":1,"minecraft:dispenser":1,"minecraft:netherrack":359,"minecraft:yellow_stained_glass":1,"minecraft:deepslate":72,"minecraft:nether_gold_ore":15,"minecraft:mossy_cobblestone":1,"gravestone:gravestone":6,"minecraft:nether_bricks":27,"minecraft:dark_oak_fence":1,"minecraft:jungle_planks":2,"minecraft:birch_slab":4,"minecraft:acacia_slab":2,"minecraft:hay_block":70,"minecraft:furnace":2,"minecraft:waxed_oxidized_cut_copper_slab":1,"minecraft:acacia_stairs":4,"minecraft:gold_block":4,"minecraft:nether_brick_fence":1,"minecraft:bookshelf":6,"minecraft:vine":6,"minecraft:stone":90,"minecraft:oak_slab":4,"minecraft:birch_stairs":4,"minecraft:soul_sand":1,"minecraft:basalt":7,"minecraft:crafting_table":2,"minecraft:blackstone_slab":2,"minecraft:oak_wood":3,"biomesoplenty:mahogany_planks":5,"minecraft:tall_grass":1,"minecraft:birch_planks":81,"minecraft:coal_ore":43,"minecraft:gravel":2,"minecraft:brown_terracotta":1,"minecraft:acacia_planks":14,"minecraft:polished_blackstone":1,"minecraft:mossy_stone_bricks":2,"minecraft:fern":3}},"DataVersion":3465}