{"stats":{"minecraft:broken":{"minecraft:stone_pickaxe":1},"minecraft:crafted":{"minecraft:cooked_beef":5,"minecraft:oak_boat":1,"minecraft:oak_planks":20,"minecraft:iron_boots":1,"minecraft:iron_chestplate":1,"minecraft:cooked_porkchop":11,"minecraft:shield":1,"minecraft:iron_axe":1,"minecraft:crafting_table":1,"minecraft:stick":16,"minecraft:iron_pickaxe":1,"minecraft:iron_ingot":22,"minecraft:cooked_chicken":1,"minecraft:stone_pickaxe":1,"minecraft:furnace":2,"minecraft:bucket":1,"minecraft:torch":32,"minecraft:stone_axe":1,"minecraft:cooked_mutton":1,"minecraft:air":0},"minecraft:mined":{"minecraft:furnace":2,"minecraft:iron_ore":22,"minecraft:crafting_table":1,"minecraft:grass":2,"minecraft:grass_block":2,"minecraft:coal_ore":43,"minecraft:gravel":2,"minecraft:dirt":2,"minecraft:cobblestone":1,"minecraft:stone":89},"minecraft:used":{"minecraft:cooked_mutton":1,"minecraft:iron_axe":16,"minecraft:stone_pickaxe":131,"minecraft:iron_pickaxe":27,"minecraft:gravel":1,"minecraft:cooked_chicken":1,"minecraft:stone_axe":7,"minecraft:torch":6,"minecraft:dirt":4,"minecraft:cobblestone":17,"minecraft:crafting_table":1,"minecraft:furnace":2,"minecraft:cooked_porkchop":5,"minecraft:bucket":1},"minecraft:custom":{"minecraft:time_since_rest":23918,"minecraft:interact_with_furnace":34,"minecraft:sprint_one_cm":101510,"minecraft:damage_taken":500,"minecraft:walk_one_cm":125243,"minecraft:mob_kills":11,"minecraft:drop":1,"minecraft:damage_dealt":1100,"minecraft:swim_one_cm":2695,"minecraft:interact_with_crafting_table":12,"minecraft:fly_one_cm":158511,"minecraft:crouch_one_cm":2098,"minecraft:play_time":23918,"minecraft:sneak_time":785,"minecraft:walk_under_water_one_cm":1557,"minecraft:boat_one_cm":129683,"minecraft:jump":383,"minecraft:walk_on_water_one_cm":86,"minecraft:time_since_death":23918,"minecraft:total_world_time":23918,"minecraft:fall_one_cm":8304},"minecraft:dropped":{"minecraft:wheat_seeds":1},"minecraft:picked_up":{"minecraft:crafting_table":1,"minecraft:stick":2,"minecraft:raw_iron":22,"minecraft:feather":1,"minecraft:chicken":1,"minecraft:cooked_porkchop":3,"minecraft:leather":2,"minecraft:gravel":1,"minecraft:porkchop":11,"minecraft:oak_log":5,"minecraft:dirt":4,"minecraft:bone":1,"minecraft:wheat_seeds":1,"minecraft:beef":5,"dynamictrees:oak_seed":1,"minecraft:mutton":2,"minecraft:oak_planks":7,"minecraft:coal":71,"minecraft:white_wool":2,"minecraft:cobblestone":118,"minecraft:furnace":2},"minecraft:killed":{"minecraft:sheep":2,"minecraft:pig":5,"minecraft:zombie":1,"minecraft:chicken":1,"minecraft:cow":2}},"DataVersion":3465}