{"stats":{"minecraft:dropped":{"minecraft:golden_boots":3,"minecraft:bread":25,"minecraft:birch_planks":3,"minecraft:wheat_seeds":2,"minecraft:oak_pressure_plate":1,"minecraft:baked_potato":11,"minecraft:diamond":3,"minecraft:cooked_porkchop":2,"minecraft:diamond_leggings":1,"minecraft:feather":1,"minecraft:iron_helmet":1,"minecraft:lead":2,"biomesoplenty:mahogany_planks":2,"minecraft:leather":2,"biomesoplenty:mahogany_door":2,"biomesoplenty:rose_quartz_chunk":4,"minecraft:iron_block":1,"minecraft:dirt":16,"minecraft:gray_wool":1,"minecraft:torch":4,"spartanweaponry:wooden_heavy_crossbow":1,"minecraft:pumpkin_pie":10,"minecraft:polished_blackstone_bricks":1,"minecraft:string":2,"dtbop:mahogany_seed":1,"minecraft:chiseled_polished_blackstone":3,"dynamictrees:oak_seed":1,"minecraft:player_head":2,"minecraft:rotten_flesh":8,"minecraft:oak_planks":2,"minecraft:iron_boots":1,"spartanweaponry:bolt":3,"minecraft:diamond_sword":1,"minecraft:shield":1,"minecraft:diamond_chestplate":1,"aether:diamond_gloves":1,"minecraft:diamond_pickaxe":2,"minecraft:basalt":3,"minecraft:netherrack":1,"minecraft:firework_rocket":1},"minecraft:mined":{"minecraft:dark_oak_planks":61,"minecraft:nether_gold_ore":15,"minecraft:spruce_planks":9,"minecraft:white_bed":1,"minecraft:mossy_cobblestone":1,"minecraft:obsidian":2,"biomesoplenty:bramble":6,"minecraft:nether_bricks":27,"minecraft:chiseled_polished_blackstone":4,"gravestone:gravestone":5,"minecraft:stripped_crimson_hyphae":2,"minecraft:grass_block":14,"biomesoplenty:rose_quartz_block":2,"minecraft:jungle_planks":2,"minecraft:cracked_polished_blackstone_bricks":22,"minecraft:coal_block":2,"minecraft:birch_slab":4,"minecraft:acacia_slab":1,"minecraft:chiseled_stone_bricks":2,"minecraft:spawner":32,"minecraft:gilded_blackstone":7,"biomesoplenty:bramble_leaves":3,"minecraft:hay_block":24,"minecraft:polished_blackstone_bricks":115,"minecraft:furnace":2,"minecraft:iron_ore":22,"minecraft:waxed_oxidized_cut_copper_slab":1,"minecraft:barrel":1,"minecraft:fire":5,"minecraft:cobbled_deepslate":2,"minecraft:acacia_stairs":4,"minecraft:pumpkin":2,"minecraft:anvil":2,"minecraft:gold_block":4,"minecraft:dark_oak_stairs":41,"minecraft:bookshelf":6,"minecraft:vine":6,"minecraft:iron_bars":4,"minecraft:green_carpet":1,"minecraft:stone":90,"minecraft:green_bed":4,"minecraft:birch_stairs":3,"minecraft:oak_slab":4,"minecraft:soul_sand":1,"minecraft:red_bed":3,"minecraft:blackstone":94,"minecraft:basalt":7,"minecraft:crafting_table":2,"minecraft:torch":2,"minecraft:blackstone_slab":2,"minecraft:oak_wood":3,"minecraft:melon":20,"biomesoplenty:mahogany_planks":5,"minecraft:nether_quartz_ore":4,"minecraft:tall_grass":1,"minecraft:cobblestone":39,"minecraft:oak_planks":14,"minecraft:wall_torch":2,"minecraft:birch_planks":78,"minecraft:dark_oak_slab":2,"minecraft:nether_wart_block":1,"minecraft:tnt":1,"minecraft:smooth_stone_slab":1,"minecraft:grass":17,"minecraft:coal_ore":43,"minecraft:oak_log":1,"minecraft:gravel":2,"minecraft:sand":22,"minecraft:dirt":22,"minecraft:tripwire_hook":1,"minecraft:acacia_planks":14,"minecraft:polished_blackstone":1,"minecraft:dispenser":1,"minecraft:netherrack":356,"minecraft:mossy_stone_bricks":2,"minecraft:deepslate":72,"minecraft:fern":3},"minecraft:broken":{"minecraft:stone_pickaxe":1},"minecraft:killed":{"minecraft:cave_spider":3,"minecraft:witch":10,"mythicmounts:courierbird":1,"minecraft:vindicator":10,"minecraft:spider":4,"dungeonsweaponry:enchanter":2,"minecraft:skeleton":10,"minecraft:chicken":1,"minecraft:piglin_brute":1,"minecraft:piglin":10,"minecraft:parrot":6,"minecraft:pig":5,"minecraft:frog":1,"minecraft:hoglin":4,"minecraft:creeper":2,"minecraft:sheep":2,"minecraft:pillager":28,"minecraft:zombie":45,"minecraft:stray":1,"minecraft:wither_skeleton":1,"minecraft:cow":2},"minecraft:crafted":{"minecraft:oak_planks":48,"biomesoplenty:mahogany_planks":36,"minecraft:cooked_chicken":1,"minecraft:furnace":2,"minecraft:cooked_mutton":1,"minecraft:glass":12,"minecraft:diamond_leggings":1,"minecraft:iron_boots":1,"minecraft:iron_axe":1,"minecraft:stone_pickaxe":1,"minecraft:dark_oak_planks":16,"minecraft:golden_boots":1,"minecraft:wheat":198,"minecraft:cooked_beef":5,"minecraft:diamond_sword":1,"minecraft:cooked_porkchop":11,"minecraft:diamond_axe":1,"minecraft:crafting_table":8,"minecraft:spruce_planks":28,"travelersbackpack:backpack_tank":2,"minecraft:iron_sword":1,"minecraft:bucket":1,"minecraft:dark_oak_button":4,"minecraft:stone_axe":1,"minecraft:air":0,"minecraft:bread":66,"minecraft:oak_boat":2,"minecraft:iron_chestplate":2,"minecraft:emerald_block":19,"minecraft:diamond_pickaxe":2,"minecraft:shield":3,"minecraft:wooden_axe":1,"biomesoplenty:mahogany_door":3,"minecraft:stick":28,"minecraft:iron_ingot":22,"minecraft:iron_pickaxe":2,"minecraft:iron_block":3,"biomesoplenty:mahogany_boat":3,"minecraft:iron_leggings":1,"minecraft:gold_ingot":40,"minecraft:anvil":1,"minecraft:white_bed":1,"minecraft:torch":32,"minecraft:diamond_chestplate":1},"minecraft:custom":{"minecraft:interact_with_anvil":3,"minecraft:mob_kills":160,"minecraft:interact_with_crafting_table":45,"minecraft:open_barrel":183,"minecraft:leave_game":2,"minecraft:time_since_death":7897,"minecraft:climb_one_cm":13095,"minecraft:sprint_one_cm":1132000,"minecraft:walk_one_cm":1910677,"minecraft:damage_blocked_by_shield":3080,"minecraft:drop":99,"minecraft:play_time":268499,"minecraft:sneak_time":21083,"minecraft:deaths":8,"minecraft:walk_under_water_one_cm":14761,"minecraft:boat_one_cm":604286,"minecraft:jump":3473,"minecraft:walk_on_water_one_cm":23179,"minecraft:total_world_time":268499,"minecraft:interact_with_furnace":47,"minecraft:sleep_in_bed":2,"minecraft:time_since_rest":7928,"minecraft:damage_taken":6452,"minecraft:damage_absorbed":441,"minecraft:damage_dealt":28006,"minecraft:player_kills":1,"minecraft:swim_one_cm":63014,"minecraft:fly_one_cm":933876,"minecraft:crouch_one_cm":58111,"minecraft:open_chest":178,"minecraft:inspect_dispenser":2,"minecraft:fall_one_cm":58803,"minecraft:horse_one_cm":34162},"minecraft:picked_up":{"minecraft:iron_chestplate":1,"minecraft:crafting_table":2,"minecraft:chicken":1,"minecraft:anvil":2,"minecraft:lead":2,"minecraft:diamond_sword":2,"minecraft:gold_block":4,"minecraft:gilded_blackstone":22,"gravestone:obituary":1,"minecraft:shield":1,"minecraft:oak_trapdoor":2,"minecraft:string":7,"minecraft:red_bed":2,"aether:diamond_gloves":2,"epicfight:stray_hat":1,"minecraft:diamond_leggings":1,"minecraft:gold_nugget":44,"minecraft:cobbled_deepslate":72,"minecraft:bucket":1,"minecraft:spruce_planks":8,"minecraft:beef":5,"minecraft:oak_boat":6,"minecraft:player_head":2,"dynamictrees:oak_seed":2,"minecraft:melon_slice":65,"minecraft:furnace":2,"minecraft:egg":1,"minecraft:raw_iron":22,"minecraft:golden_helmet":1,"minecraft:stick":16,"minecraft:stripped_crimson_hyphae":2,"minecraft:torch":9,"minecraft:green_bed":2,"minecraft:spruce_stairs":8,"epicfight:skillbook":5,"minecraft:porkchop":16,"minecraft:polished_blackstone_bricks":1,"minecraft:dark_oak_planks":54,"minecraft:tnt":1,"minecraft:arrow":35,"minecraft:rotten_flesh":26,"minecraft:honey_bottle":3,"minecraft:diamond_chestplate":1,"biomesoplenty:rose_quartz_chunk":4,"minecraft:nether_bricks":4,"minecraft:diamond_boots":1,"minecraft:hay_block":22,"minecraft:iron_block":1,"minecraft:mutton":2,"minecraft:obsidian":2,"minecraft:white_wool":4,"minecraft:cobblestone":154,"minecraft:feather":12,"minecraft:basalt":3,"minecraft:birch_slab":3,"minecraft:leather":2,"minecraft:birch_planks":64,"paraglider:spirit_orb":74,"minecraft:flint":3,"minecraft:oak_log":10,"minecraft:golden_boots":2,"minecraft:gunpowder":11,"minecraft:dirt":51,"minecraft:bone":4,"minecraft:acacia_planks":13,"minecraft:wheat_seeds":2,"minecraft:mossy_stone_bricks":2,"minecraft:diamond_helmet":1,"minecraft:glowstone_dust":1,"minecraft:oak_planks":20,"biomesoplenty:mahogany_planks":45,"minecraft:dark_oak_stairs":27,"minecraft:book":6,"minecraft:oak_slab":2,"minecraft:dark_oak_slab":1,"minecraft:chiseled_polished_blackstone":3,"minecraft:cooked_porkchop":3,"minecraft:pumpkin":1,"minecraft:chiseled_stone_bricks":2,"minecraft:oak_pressure_plate":1,"minecraft:gravel":1,"minecraft:birch_stairs":1,"minecraft:sand":22,"minecraft:white_bed":2,"dtbop:mahogany_seed":1,"minecraft:acacia_stairs":4,"minecraft:spider_eye":1,"minecraft:green_carpet":1,"minecraft:dark_oak_log":4,"minecraft:barrel":1,"minecraft:oak_wood":2,"minecraft:firework_rocket":55,"biomesoplenty:mahogany_log":9,"biomesoplenty:bramble":7,"biomesoplenty:mahogany_door":2,"minecraft:cracked_polished_blackstone_bricks":10,"minecraft:golden_apple":1,"minecraft:gray_wool":1,"minecraft:emerald":18,"minecraft:waxed_oxidized_cut_copper_slab":1,"minecraft:acacia_slab":1,"minecraft:netherrack":324,"minecraft:coal":71,"minecraft:diamond_pickaxe":1},"minecraft:used":{"biomesoplenty:mahogany_planks":11,"minecraft:flint_and_steel":1,"minecraft:spruce_planks":31,"minecraft:iron_sword":8,"minecraft:shield":81,"minecraft:cooked_chicken":1,"minecraft:rotten_flesh":6,"minecraft:netherrack":207,"minecraft:torch":43,"minecraft:dirt":33,"minecraft:anvil":2,"minecraft:dark_oak_planks":29,"minecraft:obsidian":2,"minecraft:lava_bucket":29,"minecraft:acacia_slab":1,"minecraft:iron_axe":69,"minecraft:furnace":2,"minecraft:egg":1,"minecraft:cobbled_deepslate":66,"minecraft:acacia_planks":9,"minecraft:waxed_oxidized_cut_copper_slab":1,"minecraft:cooked_mutton":1,"minecraft:water_bucket":9,"minecraft:dark_oak_stairs":21,"epicfight:skillbook":9,"minecraft:birch_planks":55,"minecraft:baked_potato":24,"minecraft:stone_pickaxe":131,"minecraft:oak_planks":11,"minecraft:diamond_axe":266,"minecraft:green_bed":1,"minecraft:sand":8,"minecraft:tnt":5,"minecraft:crafting_table":10,"minecraft:red_bed":1,"biomesoplenty:mahogany_door":3,"minecraft:crossbow":6,"minecraft:white_bed":3,"minecraft:diamond_pickaxe":841,"minecraft:acacia_stairs":2,"minecraft:iron_pickaxe":34,"minecraft:melon_slice":45,"minecraft:birch_slab":1,"minecraft:bread":51,"minecraft:green_carpet":1,"minecraft:stone_axe":7,"minecraft:gravel":1,"biomesoplenty:mahogany_boat":3,"minecraft:diamond_sword":791,"minecraft:cobblestone":129,"minecraft:porkchop":2,"minecraft:cooked_porkchop":12,"minecraft:bucket":40,"minecraft:oak_boat":7,"minecraft:birch_stairs":1},"minecraft:killed_by":{"minecraft:pillager":1,"cataclysm:deepling_brute":1,"minecraft:zombie":3}},"DataVersion":3465}