{"stats":{"minecraft:broken":{"minecraft:stone_pickaxe":1,"minecraft:iron_sword":1},"minecraft:crafted":{"minecraft:cooked_beef":1,"minecraft:oak_planks":28,"minecraft:crafting_table":2,"minecraft:wooden_pickaxe":1,"minecraft:cooked_chicken":1,"minecraft:iron_sword":1,"minecraft:furnace":1,"minecraft:stone_axe":1,"minecraft:cooked_mutton":2,"minecraft:air":0,"minecraft:iron_chestplate":1,"minecraft:charcoal":20,"minecraft:shield":1,"minecraft:stick":4,"minecraft:iron_ingot":18,"minecraft:stone_pickaxe":2,"minecraft:wooden_axe":1,"minecraft:torch":24},"minecraft:mined":{"minecraft:spruce_planks":7,"minecraft:white_bed":2,"minecraft:red_bed":1,"minecraft:black_terracotta":2,"minecraft:jungle_slab":1,"gravestone:gravestone":4,"minecraft:grass_block":2,"minecraft:melon":24,"minecraft:tall_grass":1,"minecraft:cobblestone":31,"biomesoplenty:sprout":2,"minecraft:sugar_cane":1,"minecraft:spawner":4,"minecraft:dark_oak_slab":1,"minecraft:furnace":3,"minecraft:iron_ore":20,"minecraft:dark_oak_stairs":1,"minecraft:grass":6,"minecraft:coal_ore":10,"minecraft:oak_log":9,"minecraft:dirt":20,"minecraft:cobweb":58,"minecraft:stone":88,"minecraft:white_wool":10,"minecraft:deepslate":1,"minecraft:fern":7,"minecraft:dark_oak_planks":3},"minecraft:used":{"minecraft:cooked_mutton":1,"minecraft:moss_carpet":4,"minecraft:stone_pickaxe":158,"minecraft:oak_planks":1,"minecraft:shield":1,"minecraft:wooden_pickaxe":8,"minecraft:iron_sword":192,"minecraft:cooked_chicken":1,"minecraft:rotten_flesh":3,"minecraft:iron_chestplate":1,"minecraft:torch":44,"minecraft:crafting_table":2,"minecraft:carrot":1,"minecraft:white_bed":3,"minecraft:oak_log":2,"minecraft:wooden_axe":8,"minecraft:melon_slice":42,"biomesoplenty:toadstool":2,"minecraft:stone_axe":56,"minecraft:cobblestone":84,"minecraft:furnace":3,"minecraft:oak_boat":3,"minecraft:splash_potion":2},"minecraft:custom":{"minecraft:interact_with_furnace":51,"minecraft:mob_kills":22,"minecraft:interact_with_crafting_table":11,"minecraft:time_since_death":1139,"minecraft:sleep_in_bed":4,"minecraft:climb_one_cm":384,"minecraft:time_since_rest":1159,"minecraft:waystone_activated":1,"minecraft:sprint_one_cm":272504,"minecraft:walk_one_cm":431411,"minecraft:damage_taken":2003,"minecraft:damage_absorbed":584,"minecraft:damage_blocked_by_shield":45,"minecraft:drop":12,"minecraft:damage_dealt":6333,"minecraft:swim_one_cm":38344,"minecraft:fly_one_cm":505213,"minecraft:player_kills":1,"minecraft:open_chest":5,"minecraft:crouch_one_cm":5282,"minecraft:play_time":82333,"minecraft:deaths":4,"minecraft:sneak_time":1291,"minecraft:walk_under_water_one_cm":23987,"minecraft:boat_one_cm":388573,"minecraft:jump":1552,"minecraft:walk_on_water_one_cm":26680,"minecraft:total_world_time":82333,"minecraft:fall_one_cm":37049},"minecraft:dropped":{"minecraft:iron_ingot":1,"minecraft:cooked_beef":1,"minecraft:cobbled_deepslate":1,"minecraft:prismarine_shard":2,"minecraft:cooked_mutton":1,"minecraft:charcoal":3,"minecraft:wooden_axe":1,"gravestone:obituary":4,"minecraft:dark_oak_planks":1},"minecraft:picked_up":{"minecraft:feather":2,"minecraft:chicken":1,"minecraft:glow_ink_sac":2,"minecraft:jungle_log":6,"paraglider:spirit_orb":8,"minecraft:oak_log":30,"minecraft:string":64,"minecraft:dirt":36,"minecraft:moss_carpet":4,"minecraft:bone":6,"mowziesmobs:foliaath_seed":1,"minecraft:wheat_seeds":5,"biomesoplenty:black_sand":14,"minecraft:cobbled_deepslate":1,"minecraft:spruce_planks":1,"minecraft:beef":1,"minecraft:oak_boat":3,"dynamictrees:oak_seed":5,"minecraft:melon_slice":149,"minecraft:sugar_cane":3,"minecraft:furnace":2,"biomesoplenty:toadstool":2,"minecraft:raw_iron":17,"minecraft:stick":32,"minecraft:dark_oak_slab":2,"minecraft:torch":23,"epicfight:skillbook":1,"minecraft:white_bed":2,"minecraft:carrot":1,"minecraft:spider_eye":2,"minecraft:dark_oak_planks":1,"minecraft:stripped_jungle_log":2,"minecraft:arrow":9,"minecraft:rotten_flesh":3,"minecraft:tropical_fish":3,"dynamictrees:jungle_seed":1,"minecraft:mutton":2,"minecraft:coal":10,"minecraft:white_wool":15,"minecraft:cobblestone":118},"minecraft:killed_by":{"mowziesmobs:naga":1,"minecraft:player":1,"minecraft:skeleton":1},"minecraft:killed":{"minecraft:cave_spider":5,"minecraft:spider":1,"minecraft:skeleton":6,"minecraft:zombie":5,"minecraft:chicken":1,"minecraft:silverfish":1,"minecraft:drowned":1,"cataclysm:lionfish":1,"minecraft:cow":1}},"DataVersion":3465}