{"stats":{"minecraft:custom":{"minecraft:mob_kills":62,"minecraft:interact_with_crafting_table":4,"minecraft:open_barrel":6,"minecraft:interact_with_loom":1,"minecraft:leave_game":8,"minecraft:time_since_death":22600,"minecraft:climb_one_cm":28016,"minecraft:time_since_rest":22629,"minecraft:waystone_activated":1,"minecraft:sprint_one_cm":681052,"minecraft:damage_absorbed":912,"minecraft:damage_taken":4958,"minecraft:walk_one_cm":744743,"minecraft:damage_blocked_by_shield":922,"minecraft:trigger_trapped_chest":1,"minecraft:drop":116,"minecraft:damage_dealt":13300,"minecraft:swim_one_cm":18442,"minecraft:fly_one_cm":1231282,"minecraft:player_kills":1,"minecraft:open_chest":25,"minecraft:crouch_one_cm":4270,"minecraft:play_time":142685,"minecraft:sneak_time":1199,"minecraft:deaths":6,"minecraft:walk_under_water_one_cm":2412,"minecraft:jump":3364,"minecraft:walk_on_water_one_cm":5758,"minecraft:total_world_time":142685,"minecraft:fall_one_cm":113272},"minecraft:broken":{"minecraft:leather_helmet":1},"minecraft:killed":{"minecraft:husk":5,"minecraft:pig":4,"minecraft:witch":4,"minecraft:spider":5,"minecraft:vindicator":2,"minecraft:frog":2,"minecraft:creeper":1,"minecraft:sheep":2,"minecraft:skeleton":15,"minecraft:zombie":11,"minecraft:chicken":2,"minecraft:stray":1,"minecraft:wither_skeleton":1,"minecraft:cow":6},"minecraft:crafted":{"minecraft:wooden_sword":1,"minecraft:crafting_table":1,"minecraft:acacia_planks":44},"minecraft:picked_up":{"biomesoplenty:redwood_log":80,"minecraft:charcoal":4,"minecraft:crafting_table":1,"minecraft:cooked_beef":10,"minecraft:feather":4,"minecraft:basalt":5,"minecraft:leather":1,"aether:iron_gloves":1,"minecraft:potato":2,"paraglider:spirit_orb":6,"minecraft:stone_brick_stairs":1,"gravestone:obituary":2,"minecraft:gunpowder":1,"minecraft:string":3,"minecraft:bone":19,"paraglider:deku_leaf":1,"minecraft:bow":3,"minecraft:wheat_seeds":1,"minecraft:red_sand":1,"minecraft:beef":16,"minecraft:stone_pickaxe":1,"minecraft:rabbit":2,"minecraft:bamboo":3,"minecraft:tipped_arrow":1,"minecraft:golden_helmet":1,"minecraft:stick":29,"spartanweaponry:iron_saber":1,"minecraft:acacia_log":36,"dtbop:redwood_seed":1,"epicfight:skillbook":3,"minecraft:porkchop":10,"dynamictrees:acacia_seed":8,"minecraft:spider_eye":2,"minecraft:leather_helmet":1,"minecraft:arrow":19,"minecraft:sugar":1,"minecraft:rotten_flesh":22,"biomesoplenty:orange_sandstone":2,"minecraft:golden_apple":5,"minecraft:emerald":3,"minecraft:bread":3,"endrem:rogue_eye":1,"epicfight:stray_robe":1,"minecraft:iron_bars":8,"biomesoplenty:orange_sand":23,"minecraft:cobblestone":56},"minecraft:killed_by":{"minecraft:wither_skeleton":2},"minecraft:dropped":{"minecraft:stone_axe":4,"dtbop:redwood_seed":1,"minecraft:wheat_seeds":1,"minecraft:cooked_beef":38,"minecraft:cobblestone":49,"minecraft:rotten_flesh":15,"minecraft:leather":1,"minecraft:acacia_log":24,"paraglider:deku_leaf":1,"minecraft:tipped_arrow":1,"minecraft:wooden_axe":1,"gravestone:obituary":5,"minecraft:bamboo":3,"minecraft:iron_bars":8,"minecraft:bow":1,"minecraft:sugar":1,"minecraft:stone_brick_stairs":1,"dynamictrees:acacia_seed":6,"epicfight:skillbook":1,"minecraft:brick":1},"minecraft:used":{"epicfight:skillbook":8,"biomesoplenty:empyreal_boat":1,"spartanweaponry:iron_lance":24,"minecraft:stone_pickaxe":10,"minecraft:ender_pearl":1,"minecraft:shield":20,"minecraft:rotten_flesh":2,"minecraft:torch":67,"minecraft:sand":3,"minecraft:crafting_table":1,"biomesoplenty:fir_chest_boat":1,"minecraft:bread":3,"biomesoplenty:orange_sand":21,"minecraft:leather_helmet":1,"minecraft:wooden_sword":35,"minecraft:stone_axe":36,"biomesoplenty:orange_sandstone":2,"minecraft:diamond_sword":137,"minecraft:cobblestone":62,"minecraft:cooked_beef":47,"minecraft:experience_bottle":28,"minecraft:acacia_planks":11},"minecraft:mined":{"biomesoplenty:orange_sand":1,"minecraft:basalt":4,"gravestone:gravestone":5,"minecraft:grass_block":1,"minecraft:campfire":2,"biomesoplenty:dune_grass":3,"minecraft:spawner":2,"dtbop:sparse_acacia_leaves":1,"dynamictrees:oak_undergrowth_leaves":1,"minecraft:grass":5,"minecraft:vine":1,"minecraft:iron_bars":4,"dynamictrees:jungle_leaves":1}},"DataVersion":3465}