{"stats":{"minecraft:used":{"minecraft:stone_axe":1,"biomesoplenty:orange_sand":1},"minecraft:mined":{"biomesoplenty:orange_sand":1},"minecraft:custom":{"minecraft:jump":47,"minecraft:time_since_rest":9649,"minecraft:crouch_one_cm":20,"minecraft:leave_game":1,"minecraft:play_time":9649,"minecraft:sprint_one_cm":8963,"minecraft:time_since_death":9649,"minecraft:walk_one_cm":26069,"minecraft:sneak_time":18,"minecraft:total_world_time":9649,"minecraft:fall_one_cm":685,"minecraft:fly_one_cm":16685},"minecraft:picked_up":{"minecraft:stick":7,"minecraft:acacia_log":7,"biomesoplenty:orange_sand":1}},"DataVersion":3465}