{"stats":{"minecraft:broken":{"minecraft:stone_pickaxe":1},"minecraft:crafted":{"minecraft:cooked_beef":1,"minecraft:oak_planks":28,"minecraft:crafting_table":2,"minecraft:wooden_pickaxe":1,"minecraft:cooked_chicken":1,"minecraft:iron_sword":1,"minecraft:furnace":1,"minecraft:stone_axe":1,"minecraft:cooked_mutton":2,"minecraft:air":0,"minecraft:iron_chestplate":1,"minecraft:charcoal":20,"minecraft:shield":1,"minecraft:stick":4,"minecraft:iron_ingot":11,"minecraft:stone_pickaxe":2,"minecraft:wooden_axe":1,"minecraft:torch":24},"minecraft:mined":{"minecraft:white_bed":2,"minecraft:jungle_slab":1,"gravestone:gravestone":3,"minecraft:grass_block":2,"minecraft:melon":24,"minecraft:tall_grass":1,"minecraft:cobblestone":31,"biomesoplenty:sprout":2,"minecraft:sugar_cane":1,"minecraft:spawner":1,"minecraft:furnace":2,"minecraft:iron_ore":20,"minecraft:grass":6,"minecraft:coal_ore":10,"minecraft:oak_log":8,"minecraft:dirt":20,"minecraft:cobweb":58,"minecraft:stone":88,"minecraft:white_wool":10,"minecraft:deepslate":1,"minecraft:fern":7},"minecraft:used":{"minecraft:cooked_mutton":1,"minecraft:moss_carpet":4,"minecraft:stone_pickaxe":152,"minecraft:oak_planks":1,"minecraft:wooden_pickaxe":8,"minecraft:iron_sword":106,"minecraft:cooked_chicken":1,"minecraft:rotten_flesh":3,"minecraft:iron_chestplate":1,"minecraft:torch":44,"minecraft:crafting_table":2,"minecraft:carrot":1,"minecraft:white_bed":2,"minecraft:oak_log":2,"minecraft:wooden_axe":8,"minecraft:melon_slice":24,"biomesoplenty:toadstool":2,"minecraft:stone_axe":40,"minecraft:cobblestone":82,"minecraft:furnace":3,"minecraft:oak_boat":3,"minecraft:splash_potion":2},"minecraft:custom":{"minecraft:interact_with_furnace":34,"minecraft:mob_kills":16,"minecraft:interact_with_crafting_table":10,"minecraft:time_since_death":45158,"minecraft:sleep_in_bed":4,"minecraft:time_since_rest":989,"minecraft:waystone_activated":1,"minecraft:sprint_one_cm":248377,"minecraft:walk_one_cm":385543,"minecraft:damage_taken":1581,"minecraft:damage_absorbed":553,"minecraft:drop":9,"minecraft:damage_dealt":2822,"minecraft:swim_one_cm":32993,"minecraft:fly_one_cm":423620,"minecraft:player_kills":1,"minecraft:open_chest":5,"minecraft:crouch_one_cm":3688,"minecraft:play_time":70333,"minecraft:deaths":3,"minecraft:sneak_time":958,"minecraft:walk_under_water_one_cm":19709,"minecraft:boat_one_cm":358831,"minecraft:jump":1341,"minecraft:walk_on_water_one_cm":25630,"minecraft:total_world_time":70333,"minecraft:fall_one_cm":28840},"minecraft:dropped":{"minecraft:cooked_beef":1,"minecraft:cobbled_deepslate":1,"minecraft:prismarine_shard":2,"minecraft:cooked_mutton":1,"minecraft:wooden_axe":1,"gravestone:obituary":3,"minecraft:dark_oak_planks":1},"minecraft:picked_up":{"minecraft:feather":2,"minecraft:chicken":1,"minecraft:glow_ink_sac":2,"minecraft:jungle_log":6,"paraglider:spirit_orb":4,"minecraft:oak_log":30,"minecraft:string":64,"minecraft:dirt":36,"minecraft:moss_carpet":4,"minecraft:bone":1,"mowziesmobs:foliaath_seed":1,"minecraft:wheat_seeds":5,"biomesoplenty:black_sand":14,"minecraft:cobbled_deepslate":1,"minecraft:beef":1,"minecraft:oak_boat":3,"dynamictrees:oak_seed":5,"minecraft:melon_slice":149,"minecraft:sugar_cane":3,"minecraft:furnace":2,"biomesoplenty:toadstool":2,"minecraft:raw_iron":17,"minecraft:stick":32,"minecraft:torch":23,"epicfight:skillbook":1,"minecraft:white_bed":2,"minecraft:carrot":1,"minecraft:spider_eye":2,"minecraft:dark_oak_planks":1,"minecraft:stripped_jungle_log":2,"minecraft:arrow":1,"minecraft:rotten_flesh":3,"minecraft:tropical_fish":3,"dynamictrees:jungle_seed":1,"minecraft:mutton":2,"minecraft:coal":10,"minecraft:white_wool":15,"minecraft:cobblestone":118},"minecraft:killed_by":{"mowziesmobs:naga":1,"minecraft:player":1},"minecraft:killed":{"minecraft:cave_spider":5,"minecraft:spider":1,"minecraft:skeleton":2,"minecraft:zombie":5,"minecraft:chicken":1,"cataclysm:lionfish":1,"minecraft:cow":1}},"DataVersion":3465}