{"stats":{"minecraft:custom":{"minecraft:mob_kills":24,"minecraft:interact_with_crafting_table":2,"minecraft:open_barrel":1,"minecraft:leave_game":7,"minecraft:time_since_death":13564,"minecraft:climb_one_cm":27616,"minecraft:time_since_rest":13591,"minecraft:waystone_activated":1,"minecraft:sprint_one_cm":415426,"minecraft:walk_one_cm":549660,"minecraft:damage_taken":3602,"minecraft:damage_absorbed":833,"minecraft:damage_blocked_by_shield":897,"minecraft:trigger_trapped_chest":1,"minecraft:drop":52,"minecraft:damage_dealt":5205,"minecraft:swim_one_cm":407,"minecraft:fly_one_cm":672491,"minecraft:open_chest":18,"minecraft:crouch_one_cm":2095,"minecraft:play_time":96401,"minecraft:deaths":5,"minecraft:sneak_time":850,"minecraft:walk_under_water_one_cm":174,"minecraft:jump":1949,"minecraft:walk_on_water_one_cm":1018,"minecraft:total_world_time":96401,"minecraft:fall_one_cm":60824},"minecraft:broken":{"minecraft:leather_helmet":1},"minecraft:killed":{"minecraft:husk":1,"minecraft:vindicator":1,"minecraft:spider":5,"minecraft:skeleton":6,"minecraft:zombie":8,"minecraft:stray":1,"minecraft:wither_skeleton":1},"minecraft:crafted":{"minecraft:wooden_sword":1,"minecraft:crafting_table":1,"minecraft:acacia_planks":44},"minecraft:picked_up":{"minecraft:charcoal":4,"minecraft:crafting_table":1,"minecraft:cooked_beef":10,"minecraft:potato":2,"paraglider:spirit_orb":6,"minecraft:stone_brick_stairs":1,"gravestone:obituary":2,"minecraft:gunpowder":1,"minecraft:string":3,"minecraft:bone":13,"paraglider:deku_leaf":1,"minecraft:bow":3,"minecraft:red_sand":1,"minecraft:stone_pickaxe":1,"minecraft:rabbit":2,"minecraft:bamboo":3,"minecraft:golden_helmet":1,"minecraft:tipped_arrow":1,"minecraft:stick":25,"minecraft:acacia_log":36,"epicfight:skillbook":2,"dynamictrees:acacia_seed":8,"minecraft:spider_eye":1,"minecraft:leather_helmet":1,"minecraft:arrow":7,"minecraft:rotten_flesh":17,"biomesoplenty:orange_sandstone":2,"minecraft:golden_apple":5,"minecraft:emerald":1,"minecraft:bread":3,"endrem:rogue_eye":1,"epicfight:stray_robe":1,"minecraft:iron_bars":8,"biomesoplenty:orange_sand":23},"minecraft:killed_by":{"minecraft:wither_skeleton":2},"minecraft:dropped":{"minecraft:stone_axe":3,"minecraft:cooked_beef":38,"minecraft:acacia_log":24,"paraglider:deku_leaf":1,"gravestone:obituary":4,"minecraft:iron_bars":8,"dynamictrees:acacia_seed":2},"minecraft:used":{"epicfight:skillbook":1,"minecraft:stone_pickaxe":6,"minecraft:ender_pearl":1,"minecraft:shield":19,"minecraft:rotten_flesh":2,"minecraft:torch":66,"minecraft:sand":3,"minecraft:crafting_table":1,"minecraft:bread":3,"biomesoplenty:orange_sand":21,"minecraft:leather_helmet":1,"minecraft:stone_axe":36,"minecraft:wooden_sword":35,"biomesoplenty:orange_sandstone":2,"minecraft:diamond_sword":28,"minecraft:cooked_beef":28,"minecraft:acacia_planks":11,"minecraft:experience_bottle":28},"minecraft:mined":{"biomesoplenty:orange_sand":1,"gravestone:gravestone":4,"minecraft:campfire":2,"biomesoplenty:dune_grass":3,"minecraft:spawner":2,"dtbop:sparse_acacia_leaves":1,"minecraft:iron_bars":4}},"DataVersion":3465}