{"stats":{"minecraft:crafted":{"minecraft:oak_planks":24,"minecraft:charcoal":20,"minecraft:crafting_table":1,"minecraft:stick":4,"minecraft:iron_ingot":11,"minecraft:wooden_pickaxe":1,"minecraft:wooden_axe":1,"minecraft:stone_pickaxe":1,"minecraft:iron_sword":1,"minecraft:furnace":1,"minecraft:torch":20,"minecraft:stone_axe":1,"minecraft:cooked_mutton":2,"minecraft:air":0},"minecraft:mined":{"minecraft:iron_ore":14,"gravestone:gravestone":2,"minecraft:grass":2,"minecraft:oak_log":8,"minecraft:stone":54},"minecraft:used":{"minecraft:oak_log":2,"minecraft:wooden_axe":8,"minecraft:moss_carpet":4,"minecraft:stone_pickaxe":60,"minecraft:wooden_pickaxe":8,"minecraft:iron_sword":2,"biomesoplenty:toadstool":2,"minecraft:stone_axe":3,"minecraft:torch":20,"minecraft:crafting_table":1,"minecraft:furnace":1,"minecraft:cooked_mutton":1},"minecraft:custom":{"minecraft:time_since_rest":3269,"minecraft:damage_absorbed":85,"minecraft:interact_with_furnace":25,"minecraft:sprint_one_cm":94974,"minecraft:damage_taken":435,"minecraft:walk_one_cm":117595,"minecraft:mob_kills":1,"minecraft:drop":3,"minecraft:damage_dealt":350,"minecraft:interact_with_crafting_table":5,"minecraft:fly_one_cm":126193,"minecraft:crouch_one_cm":523,"minecraft:play_time":16333,"minecraft:deaths":2,"minecraft:sneak_time":77,"minecraft:jump":395,"minecraft:time_since_death":3243,"minecraft:total_world_time":16333,"minecraft:fall_one_cm":7061},"minecraft:dropped":{"minecraft:wooden_axe":1,"gravestone:obituary":1,"minecraft:cooked_mutton":1},"minecraft:picked_up":{"biomesoplenty:toadstool":2,"minecraft:stick":25,"minecraft:raw_iron":11,"minecraft:oak_log":29,"minecraft:string":1,"minecraft:moss_carpet":4,"minecraft:bone":1,"minecraft:arrow":1,"dynamictrees:oak_seed":5,"minecraft:mutton":2,"minecraft:cobblestone":53},"minecraft:killed_by":{"mowziesmobs:naga":1},"minecraft:killed":{"minecraft:skeleton":1}},"DataVersion":3465}