{"stats":{"minecraft:custom":{"minecraft:mob_kills":49,"minecraft:interact_with_crafting_table":2,"minecraft:open_barrel":4,"minecraft:leave_game":7,"minecraft:time_since_death":25564,"minecraft:climb_one_cm":27616,"minecraft:time_since_rest":25591,"minecraft:waystone_activated":1,"minecraft:sprint_one_cm":508686,"minecraft:walk_one_cm":609644,"minecraft:damage_taken":3951,"minecraft:damage_absorbed":833,"minecraft:damage_blocked_by_shield":922,"minecraft:trigger_trapped_chest":1,"minecraft:drop":106,"minecraft:damage_dealt":9935,"minecraft:swim_one_cm":7261,"minecraft:fly_one_cm":856648,"minecraft:open_chest":20,"minecraft:crouch_one_cm":2480,"minecraft:play_time":108401,"minecraft:deaths":5,"minecraft:sneak_time":910,"minecraft:walk_under_water_one_cm":1782,"minecraft:jump":2398,"minecraft:walk_on_water_one_cm":3712,"minecraft:total_world_time":108401,"minecraft:fall_one_cm":78669},"minecraft:broken":{"minecraft:leather_helmet":1},"minecraft:killed":{"minecraft:husk":5,"minecraft:pig":4,"minecraft:vindicator":2,"minecraft:spider":5,"minecraft:sheep":2,"minecraft:skeleton":11,"minecraft:zombie":9,"minecraft:chicken":2,"minecraft:stray":1,"minecraft:wither_skeleton":1,"minecraft:cow":6},"minecraft:crafted":{"minecraft:wooden_sword":1,"minecraft:crafting_table":1,"minecraft:acacia_planks":44},"minecraft:picked_up":{"minecraft:charcoal":4,"minecraft:crafting_table":1,"minecraft:feather":4,"minecraft:cooked_beef":10,"minecraft:leather":1,"minecraft:potato":2,"paraglider:spirit_orb":6,"minecraft:stone_brick_stairs":1,"gravestone:obituary":2,"minecraft:gunpowder":1,"minecraft:string":3,"minecraft:bone":16,"paraglider:deku_leaf":1,"minecraft:bow":3,"minecraft:red_sand":1,"minecraft:beef":16,"minecraft:stone_pickaxe":1,"minecraft:rabbit":2,"minecraft:bamboo":3,"minecraft:golden_helmet":1,"minecraft:tipped_arrow":1,"minecraft:stick":27,"minecraft:acacia_log":36,"epicfight:skillbook":2,"minecraft:porkchop":10,"dynamictrees:acacia_seed":8,"minecraft:spider_eye":1,"minecraft:leather_helmet":1,"minecraft:arrow":16,"minecraft:rotten_flesh":22,"biomesoplenty:orange_sandstone":2,"minecraft:golden_apple":5,"minecraft:emerald":1,"minecraft:bread":3,"endrem:rogue_eye":1,"epicfight:stray_robe":1,"minecraft:iron_bars":8,"biomesoplenty:orange_sand":23,"minecraft:cobblestone":56},"minecraft:killed_by":{"minecraft:wither_skeleton":2},"minecraft:dropped":{"minecraft:stone_axe":3,"minecraft:cooked_beef":38,"minecraft:cobblestone":49,"minecraft:rotten_flesh":15,"minecraft:leather":1,"minecraft:acacia_log":24,"paraglider:deku_leaf":1,"gravestone:obituary":4,"minecraft:bamboo":3,"minecraft:iron_bars":8,"minecraft:stone_brick_stairs":1,"dynamictrees:acacia_seed":2,"minecraft:brick":1},"minecraft:used":{"epicfight:skillbook":1,"minecraft:stone_pickaxe":6,"minecraft:ender_pearl":1,"minecraft:shield":20,"minecraft:rotten_flesh":2,"minecraft:torch":67,"minecraft:sand":3,"minecraft:crafting_table":1,"minecraft:bread":3,"biomesoplenty:orange_sand":21,"minecraft:leather_helmet":1,"minecraft:stone_axe":36,"minecraft:wooden_sword":35,"biomesoplenty:orange_sandstone":2,"minecraft:diamond_sword":95,"minecraft:cobblestone":29,"minecraft:cooked_beef":34,"minecraft:acacia_planks":11,"minecraft:experience_bottle":28},"minecraft:mined":{"biomesoplenty:orange_sand":1,"gravestone:gravestone":4,"minecraft:grass_block":1,"minecraft:campfire":2,"biomesoplenty:dune_grass":3,"minecraft:spawner":2,"dtbop:sparse_acacia_leaves":1,"minecraft:grass":3,"minecraft:iron_bars":4}},"DataVersion":3465}