{"stats":{"minecraft:broken":{"minecraft:chainmail_leggings":1,"minecraft:stone_pickaxe":1,"minecraft:stone_axe":1,"minecraft:iron_sword":1},"minecraft:crafted":{"minecraft:oak_planks":32,"minecraft:cooked_chicken":1,"minecraft:furnace":2,"minecraft:cooked_mutton":7,"minecraft:stone_pickaxe":2,"minecraft:spruce_boat":1,"minecraft:stone_hoe":1,"minecraft:smoker":1,"minecraft:cooked_beef":10,"minecraft:cooked_porkchop":2,"minecraft:crafting_table":4,"minecraft:spruce_planks":16,"minecraft:wooden_pickaxe":1,"minecraft:iron_sword":2,"minecraft:stone_axe":1,"minecraft:air":0,"minecraft:tnt":2,"minecraft:iron_chestplate":1,"minecraft:charcoal":20,"minecraft:shield":1,"minecraft:stick":8,"minecraft:iron_ingot":18,"minecraft:wooden_axe":1,"minecraft:torch":32},"minecraft:used":{"minecraft:moss_carpet":4,"minecraft:flint_and_steel":7,"minecraft:spruce_planks":2,"minecraft:shield":6,"minecraft:iron_sword":362,"minecraft:stone_hoe":3,"minecraft:cooked_chicken":1,"minecraft:rotten_flesh":3,"minecraft:iron_chestplate":1,"minecraft:torch":53,"minecraft:carrot":1,"minecraft:spruce_boat":1,"minecraft:wooden_axe":8,"minecraft:iron_boots":1,"minecraft:furnace":3,"minecraft:cooked_beef":2,"biomesoplenty:black_sand":6,"minecraft:wheat_seeds":1,"minecraft:cooked_mutton":1,"epicfight:skillbook":2,"minecraft:stone_pickaxe":176,"minecraft:oak_planks":1,"minecraft:wooden_pickaxe":8,"minecraft:tnt":4,"minecraft:crafting_table":5,"minecraft:white_bed":3,"minecraft:smoker":1,"minecraft:oak_log":2,"minecraft:melon_slice":123,"biomesoplenty:toadstool":2,"minecraft:stone_axe":91,"minecraft:cobblestone":148,"minecraft:oak_boat":3,"minecraft:splash_potion":2},"minecraft:mined":{"minecraft:dark_oak_planks":3,"biomesoplenty:watergrass":1,"minecraft:spruce_planks":11,"minecraft:white_bed":2,"minecraft:black_terracotta":2,"minecraft:jungle_slab":1,"gravestone:gravestone":6,"minecraft:grass_block":4,"minecraft:spawner":5,"minecraft:furnace":3,"minecraft:iron_ore":20,"minecraft:fire":38,"minecraft:dark_oak_stairs":1,"minecraft:stone":89,"minecraft:player_head":1,"minecraft:white_wool":10,"minecraft:red_bed":1,"minecraft:crafting_table":1,"minecraft:torch":4,"minecraft:melon":37,"minecraft:tall_grass":1,"minecraft:cobblestone":44,"biomesoplenty:sprout":2,"minecraft:sugar_cane":1,"minecraft:dark_oak_slab":3,"minecraft:tnt":6,"minecraft:grass":8,"minecraft:oak_log":9,"minecraft:coal_ore":10,"minecraft:dirt":23,"minecraft:cobweb":58,"minecraft:tripwire_hook":2,"minecraft:deepslate":1,"minecraft:fern":25},"minecraft:custom":{"minecraft:mob_kills":35,"minecraft:interact_with_crafting_table":18,"minecraft:open_barrel":23,"minecraft:leave_game":2,"minecraft:time_since_death":32208,"minecraft:climb_one_cm":487,"minecraft:sprint_one_cm":366495,"minecraft:walk_one_cm":713453,"minecraft:damage_blocked_by_shield":235,"minecraft:drop":82,"minecraft:play_time":135272,"minecraft:deaths":7,"minecraft:sneak_time":3530,"minecraft:walk_under_water_one_cm":32525,"minecraft:boat_one_cm":541046,"minecraft:jump":2251,"minecraft:walk_on_water_one_cm":37509,"minecraft:total_world_time":135272,"minecraft:interact_with_furnace":51,"minecraft:sleep_in_bed":4,"minecraft:time_since_rest":32238,"minecraft:waystone_activated":1,"minecraft:damage_taken":3765,"minecraft:damage_absorbed":895,"minecraft:damage_dealt":15244,"minecraft:swim_one_cm":60797,"minecraft:fly_one_cm":625261,"minecraft:player_kills":1,"minecraft:open_chest":11,"minecraft:crouch_one_cm":14370,"minecraft:interact_with_smoker":5,"minecraft:fall_one_cm":48068},"minecraft:dropped":{"minecraft:stone_hoe":1,"minecraft:iron_ingot":2,"minecraft:iron_sword":3,"minecraft:wheat_seeds":7,"minecraft:cooked_beef":1,"minecraft:glow_ink_sac":2,"mowziesmobs:foliaath_seed":1,"minecraft:dark_oak_slab":5,"minecraft:prismarine_shard":2,"minecraft:cobblestone":9,"minecraft:flint":1,"minecraft:dirt":72,"minecraft:wooden_axe":1,"minecraft:melon_slice":27,"gravestone:obituary":7,"minecraft:chainmail_leggings":2,"minecraft:dark_oak_planks":1,"minecraft:cobbled_deepslate":1,"minecraft:oak_planks":4,"minecraft:iron_boots":2,"minecraft:cooked_mutton":1,"minecraft:oak_sign":1,"minecraft:spruce_fence":2,"minecraft:oak_wood":1,"minecraft:spruce_planks":1,"minecraft:iron_chestplate":2,"minecraft:charcoal":3,"minecraft:spruce_wood":4,"minecraft:wooden_pickaxe":1},"minecraft:picked_up":{"minecraft:charcoal":13,"minecraft:crafting_table":1,"minecraft:iron_chestplate":6,"minecraft:chicken":1,"minecraft:wooden_pickaxe":1,"aether:iron_gloves":1,"minecraft:enchanted_book":1,"minecraft:potion":3,"minecraft:shield":1,"minecraft:string":128,"minecraft:moss_carpet":4,"minecraft:oak_sign":1,"biomesoplenty:black_sand":28,"minecraft:cobbled_deepslate":1,"minecraft:spruce_planks":5,"minecraft:beef":1,"minecraft:oak_boat":3,"minecraft:player_head":3,"dynamictrees:oak_seed":5,"minecraft:melon_slice":265,"minecraft:sugar_cane":3,"minecraft:furnace":2,"minecraft:iron_boots":6,"minecraft:raw_iron":17,"minecraft:stick":32,"minecraft:torch":39,"minecraft:spruce_fence":2,"epicfight:skillbook":3,"minecraft:carrot":1,"minecraft:redstone":7,"minecraft:dark_oak_planks":1,"minecraft:tnt":5,"minecraft:rotten_flesh":8,"minecraft:arrow":44,"minecraft:tropical_fish":7,"minecraft:mutton":2,"minecraft:white_wool":15,"minecraft:cobblestone":201,"minecraft:feather":3,"minecraft:glow_ink_sac":2,"minecraft:tripwire_hook":2,"minecraft:jungle_log":6,"paraglider:spirit_orb":13,"minecraft:flint":3,"minecraft:oak_log":30,"minecraft:gunpowder":8,"minecraft:dirt":108,"minecraft:name_tag":1,"minecraft:bone":45,"mowziesmobs:foliaath_seed":2,"minecraft:wheat_seeds":14,"minecraft:spruce_wood":12,"minecraft:stone_pickaxe":1,"minecraft:iron_ingot":4,"minecraft:oak_planks":4,"minecraft:stone_hoe":1,"minecraft:iron_sword":4,"biomesoplenty:toadstool":2,"minecraft:dark_oak_slab":7,"minecraft:white_bed":2,"minecraft:spruce_door":1,"minecraft:spider_eye":9,"minecraft:stripped_jungle_log":2,"minecraft:oak_wood":2,"minecraft:spruce_boat":1,"minecraft:stone_axe":1,"minecraft:chainmail_leggings":4,"dynamictrees:jungle_seed":1,"minecraft:coal":10,"minecraft:ender_pearl":1},"minecraft:killed_by":{"mowziesmobs:naga":1,"minecraft:player":1,"minecraft:skeleton":2},"minecraft:killed":{"minecraft:cave_spider":5,"minecraft:spider":1,"minecraft:skeleton":19,"minecraft:chicken":1,"minecraft:silverfish":1,"minecraft:drowned":1,"cataclysm:lionfish":1,"minecraft:zombie":5,"minecraft:cow":1}},"DataVersion":3465}