{"stats":{"minecraft:broken":{"minecraft:chainmail_leggings":1,"minecraft:iron_boots":1,"minecraft:stone_pickaxe":1,"minecraft:stone_axe":1,"minecraft:iron_sword":2},"minecraft:crafted":{"minecraft:oak_planks":32,"minecraft:cooked_chicken":1,"minecraft:furnace":2,"minecraft:cooked_mutton":7,"minecraft:iron_axe":1,"minecraft:stone_pickaxe":2,"minecraft:spruce_boat":1,"minecraft:stone_hoe":1,"minecraft:smoker":1,"minecraft:cooked_beef":10,"minecraft:cooked_porkchop":5,"minecraft:crafting_table":5,"minecraft:spruce_planks":16,"minecraft:wooden_pickaxe":1,"minecraft:iron_sword":2,"biomesoplenty:willow_planks":84,"minecraft:stone_axe":1,"minecraft:air":0,"minecraft:tnt":2,"minecraft:white_wool":3,"minecraft:iron_chestplate":1,"minecraft:charcoal":20,"minecraft:shield":1,"minecraft:stick":12,"minecraft:iron_ingot":18,"minecraft:wooden_axe":1,"minecraft:white_bed":1,"minecraft:torch":64},"minecraft:used":{"minecraft:moss_carpet":4,"minecraft:iron_bars":2,"minecraft:flint_and_steel":8,"minecraft:spruce_planks":2,"minecraft:shield":16,"minecraft:iron_sword":539,"minecraft:stone_hoe":3,"minecraft:cooked_chicken":1,"minecraft:rotten_flesh":3,"minecraft:iron_chestplate":1,"minecraft:torch":179,"minecraft:nether_bricks":1,"minecraft:carrot":1,"minecraft:spruce_boat":3,"minecraft:wooden_axe":8,"minecraft:iron_axe":13,"minecraft:iron_boots":1,"minecraft:furnace":3,"minecraft:cooked_beef":12,"biomesoplenty:black_sand":6,"minecraft:wheat_seeds":1,"minecraft:cooked_mutton":3,"epicfight:skillbook":6,"biomesoplenty:willow_log":15,"biomesoplenty:willow_planks":66,"minecraft:stone_pickaxe":177,"minecraft:oak_planks":1,"minecraft:wooden_pickaxe":8,"minecraft:tnt":5,"minecraft:crafting_table":7,"minecraft:white_bed":4,"minecraft:smoker":1,"minecraft:oak_log":2,"minecraft:diamond_shovel":5,"minecraft:melon_slice":124,"minecraft:iron_pickaxe":35,"biomesoplenty:toadstool":2,"minecraft:stone_axe":91,"minecraft:cobblestone":148,"minecraft:potion":1,"minecraft:cooked_porkchop":23,"minecraft:oak_boat":3,"minecraft:splash_potion":2},"minecraft:mined":{"minecraft:dark_oak_planks":3,"minecraft:stone_pressure_plate":1,"biomesoplenty:watergrass":8,"minecraft:spruce_planks":11,"minecraft:white_bed":2,"minecraft:mossy_cobblestone":1,"minecraft:black_terracotta":2,"minecraft:jungle_slab":1,"gravestone:gravestone":7,"minecraft:grass_block":4,"biomesoplenty:willow_planks":3,"minecraft:spawner":18,"minecraft:furnace":3,"minecraft:iron_ore":20,"minecraft:fire":38,"minecraft:andesite":5,"minecraft:dark_oak_stairs":1,"minecraft:vine":1,"minecraft:iron_bars":3,"minecraft:stone":96,"minecraft:player_head":1,"minecraft:white_wool":10,"minecraft:red_bed":1,"minecraft:smoker":1,"minecraft:crafting_table":2,"minecraft:torch":4,"minecraft:melon":38,"minecraft:tall_grass":1,"minecraft:cobblestone":44,"biomesoplenty:sprout":2,"minecraft:sugar_cane":1,"minecraft:dark_oak_slab":3,"minecraft:tnt":6,"minecraft:grass":11,"minecraft:oak_log":9,"minecraft:coal_ore":10,"minecraft:dirt":23,"minecraft:cobweb":58,"minecraft:tripwire_hook":2,"minecraft:stone_bricks":1,"minecraft:mossy_stone_bricks":1,"biomesoplenty:reed":1,"minecraft:deepslate":1,"minecraft:fern":26},"minecraft:custom":{"minecraft:mob_kills":72,"minecraft:interact_with_crafting_table":24,"minecraft:open_barrel":23,"minecraft:leave_game":2,"minecraft:time_since_death":51546,"minecraft:climb_one_cm":57751,"minecraft:sprint_one_cm":1020095,"minecraft:walk_one_cm":1043095,"minecraft:damage_blocked_by_shield":682,"minecraft:drop":123,"minecraft:play_time":207272,"minecraft:deaths":8,"minecraft:sneak_time":3624,"minecraft:walk_under_water_one_cm":34182,"minecraft:boat_one_cm":656921,"minecraft:jump":4057,"minecraft:walk_on_water_one_cm":51549,"minecraft:total_world_time":207272,"minecraft:interact_with_furnace":51,"minecraft:sleep_in_bed":7,"minecraft:time_since_rest":47900,"minecraft:waystone_activated":1,"minecraft:damage_taken":8028,"minecraft:damage_absorbed":3682,"minecraft:damage_dealt":21460,"minecraft:swim_one_cm":65543,"minecraft:fly_one_cm":1462840,"minecraft:player_kills":1,"minecraft:open_chest":100,"minecraft:crouch_one_cm":14911,"minecraft:interact_with_smoker":9,"minecraft:fall_one_cm":102396,"minecraft:horse_one_cm":55563},"minecraft:dropped":{"minecraft:stone_hoe":1,"minecraft:iron_ingot":2,"minecraft:iron_sword":3,"dtbop:willow_seed":2,"minecraft:wheat_seeds":9,"minecraft:cooked_beef":8,"minecraft:glow_ink_sac":2,"minecraft:glass_bottle":1,"mowziesmobs:foliaath_seed":1,"minecraft:dark_oak_slab":5,"minecraft:prismarine_shard":2,"minecraft:cobblestone":9,"biomesoplenty:willow_log":38,"minecraft:saddle":1,"minecraft:spruce_door":1,"minecraft:flint":1,"minecraft:dirt":72,"minecraft:wooden_axe":1,"minecraft:melon_slice":27,"gravestone:obituary":9,"minecraft:sugar":1,"minecraft:iron_pickaxe":2,"minecraft:chainmail_leggings":2,"minecraft:dark_oak_planks":1,"minecraft:tripwire_hook":2,"epicfight:stray_pants":2,"minecraft:player_head":2,"minecraft:cobbled_deepslate":1,"minecraft:rotten_flesh":5,"minecraft:smoker":1,"minecraft:oak_planks":4,"minecraft:iron_boots":3,"minecraft:cooked_mutton":1,"minecraft:oak_sign":1,"minecraft:spruce_fence":2,"minecraft:flint_and_steel":1,"minecraft:tipped_arrow":1,"minecraft:spruce_boat":1,"minecraft:shield":1,"minecraft:oak_wood":1,"minecraft:spruce_planks":4,"minecraft:iron_chestplate":4,"minecraft:charcoal":3,"minecraft:chainmail_boots":1,"minecraft:spruce_wood":4,"biomesoplenty:willow_planks":4,"minecraft:iron_bars":4,"minecraft:wooden_pickaxe":1},"minecraft:picked_up":{"minecraft:charcoal":13,"minecraft:crafting_table":2,"minecraft:iron_chestplate":6,"minecraft:chainmail_boots":1,"minecraft:chicken":6,"minecraft:wooden_pickaxe":1,"aether:iron_gloves":2,"minecraft:enchanted_book":1,"minecraft:potion":3,"gravestone:obituary":2,"minecraft:shield":1,"epicfight:stray_pants":2,"minecraft:string":129,"minecraft:moss_carpet":4,"minecraft:flint_and_steel":1,"minecraft:oak_sign":1,"biomesoplenty:willow_planks":3,"minecraft:diamond_leggings":1,"biomesoplenty:black_sand":28,"minecraft:cobbled_deepslate":1,"minecraft:spruce_planks":5,"minecraft:beef":1,"minecraft:oak_boat":3,"minecraft:player_head":3,"dynamictrees:oak_seed":5,"minecraft:iron_pickaxe":1,"minecraft:melon_slice":265,"minecraft:sugar_cane":3,"minecraft:furnace":2,"minecraft:iron_boots":7,"minecraft:tipped_arrow":1,"minecraft:raw_iron":17,"minecraft:stick":44,"minecraft:torch":57,"minecraft:spruce_fence":2,"epicfight:skillbook":5,"minecraft:carrot":1,"minecraft:redstone":7,"minecraft:stone_pressure_plate":1,"minecraft:dark_oak_planks":1,"minecraft:tnt":5,"minecraft:diamond_chestplate":1,"minecraft:rotten_flesh":24,"minecraft:arrow":89,"minecraft:tropical_fish":7,"minecraft:nether_bricks":7,"minecraft:saddle":2,"minecraft:mutton":2,"minecraft:iron_bars":12,"minecraft:white_wool":15,"minecraft:cobblestone":201,"minecraft:feather":12,"minecraft:glow_ink_sac":2,"minecraft:tripwire_hook":2,"minecraft:jungle_log":6,"minecraft:smoker":2,"paraglider:spirit_orb":35,"minecraft:flint":3,"minecraft:oak_log":30,"minecraft:gunpowder":12,"minecraft:dirt":108,"minecraft:name_tag":1,"minecraft:bone":61,"dtbop:willow_seed":2,"minecraft:bow":1,"mowziesmobs:foliaath_seed":2,"minecraft:wheat_seeds":15,"minecraft:spruce_wood":12,"minecraft:stone_pickaxe":1,"minecraft:iron_ingot":4,"minecraft:oak_planks":4,"minecraft:stone_hoe":1,"minecraft:iron_sword":4,"biomesoplenty:toadstool":2,"minecraft:dark_oak_slab":7,"minecraft:white_bed":2,"minecraft:spruce_door":1,"minecraft:spider_eye":9,"minecraft:stripped_jungle_log":2,"minecraft:oak_wood":2,"minecraft:sugar":1,"biomesoplenty:willow_log":74,"minecraft:spruce_boat":4,"minecraft:stone_axe":1,"minecraft:chainmail_leggings":4,"dynamictrees:jungle_seed":1,"minecraft:golden_apple":1,"minecraft:emerald":1,"minecraft:coal":10,"minecraft:diamond_pickaxe":1,"minecraft:ender_pearl":1},"minecraft:killed_by":{"mowziesmobs:naga":1,"minecraft:player":2,"minecraft:skeleton":2},"minecraft:killed":{"minecraft:cave_spider":6,"minecraft:witch":2,"minecraft:vindicator":1,"minecraft:spider":1,"minecraft:skeleton":25,"minecraft:chicken":8,"minecraft:silverfish":2,"minecraft:drowned":1,"cataclysm:lionfish":1,"minecraft:creeper":1,"minecraft:zombie":15,"minecraft:stray":4,"minecraft:wither_skeleton":4,"minecraft:cow":1}},"DataVersion":3465}