{"stats":{"minecraft:broken":{"minecraft:stone_pickaxe":1,"minecraft:stone_axe":1,"minecraft:iron_sword":1},"minecraft:crafted":{"minecraft:cooked_beef":1,"minecraft:oak_planks":28,"minecraft:crafting_table":3,"minecraft:cooked_chicken":1,"minecraft:wooden_pickaxe":1,"minecraft:iron_sword":2,"minecraft:furnace":1,"minecraft:stone_axe":1,"minecraft:cooked_mutton":2,"minecraft:air":0,"minecraft:iron_chestplate":1,"minecraft:charcoal":20,"minecraft:shield":1,"minecraft:stick":4,"minecraft:iron_ingot":18,"minecraft:stone_pickaxe":2,"minecraft:wooden_axe":1,"minecraft:torch":24},"minecraft:mined":{"minecraft:spruce_planks":8,"minecraft:white_bed":2,"minecraft:red_bed":1,"minecraft:black_terracotta":2,"minecraft:jungle_slab":1,"minecraft:torch":1,"gravestone:gravestone":5,"minecraft:grass_block":2,"minecraft:melon":24,"minecraft:tall_grass":1,"minecraft:cobblestone":44,"biomesoplenty:sprout":2,"minecraft:sugar_cane":1,"minecraft:spawner":5,"minecraft:dark_oak_slab":1,"minecraft:furnace":3,"minecraft:iron_ore":20,"minecraft:dark_oak_stairs":1,"minecraft:grass":6,"minecraft:coal_ore":10,"minecraft:oak_log":9,"minecraft:dirt":20,"minecraft:cobweb":58,"minecraft:tripwire_hook":2,"minecraft:stone":88,"minecraft:white_wool":10,"minecraft:dark_oak_planks":3,"minecraft:deepslate":1,"minecraft:fern":7},"minecraft:used":{"minecraft:cooked_mutton":1,"minecraft:moss_carpet":4,"epicfight:skillbook":1,"minecraft:oak_planks":1,"minecraft:stone_pickaxe":173,"minecraft:wooden_pickaxe":8,"minecraft:shield":6,"minecraft:iron_sword":330,"minecraft:cooked_chicken":1,"minecraft:rotten_flesh":3,"minecraft:iron_chestplate":1,"minecraft:torch":48,"minecraft:crafting_table":3,"minecraft:carrot":1,"minecraft:white_bed":3,"minecraft:oak_log":2,"minecraft:wooden_axe":8,"minecraft:melon_slice":68,"minecraft:iron_boots":1,"biomesoplenty:toadstool":2,"minecraft:stone_axe":91,"minecraft:cobblestone":122,"minecraft:furnace":3,"minecraft:oak_boat":3,"minecraft:splash_potion":2},"minecraft:custom":{"minecraft:interact_with_furnace":51,"minecraft:mob_kills":32,"minecraft:interact_with_crafting_table":12,"minecraft:leave_game":2,"minecraft:time_since_death":2208,"minecraft:sleep_in_bed":4,"minecraft:climb_one_cm":384,"minecraft:time_since_rest":2238,"minecraft:waystone_activated":1,"minecraft:sprint_one_cm":290532,"minecraft:damage_absorbed":673,"minecraft:damage_taken":2913,"minecraft:walk_one_cm":562689,"minecraft:damage_blocked_by_shield":235,"minecraft:drop":21,"minecraft:damage_dealt":14225,"minecraft:player_kills":1,"minecraft:swim_one_cm":38344,"minecraft:fly_one_cm":506275,"minecraft:open_chest":8,"minecraft:crouch_one_cm":8274,"minecraft:play_time":105272,"minecraft:sneak_time":2402,"minecraft:deaths":7,"minecraft:walk_under_water_one_cm":25115,"minecraft:boat_one_cm":388573,"minecraft:jump":1833,"minecraft:walk_on_water_one_cm":26797,"minecraft:total_world_time":105272,"minecraft:fall_one_cm":37455},"minecraft:dropped":{"minecraft:iron_ingot":1,"minecraft:cooked_beef":1,"minecraft:glow_ink_sac":2,"minecraft:cobbled_deepslate":1,"mowziesmobs:foliaath_seed":1,"minecraft:prismarine_shard":2,"minecraft:iron_boots":2,"minecraft:cooked_mutton":1,"minecraft:iron_chestplate":2,"minecraft:charcoal":3,"minecraft:wooden_axe":1,"gravestone:obituary":6,"minecraft:chainmail_leggings":1,"minecraft:dark_oak_planks":1},"minecraft:picked_up":{"minecraft:iron_chestplate":6,"minecraft:feather":3,"minecraft:tripwire_hook":1,"minecraft:chicken":1,"minecraft:glow_ink_sac":2,"minecraft:jungle_log":6,"aether:iron_gloves":1,"minecraft:wooden_pickaxe":1,"minecraft:potion":3,"minecraft:enchanted_book":1,"paraglider:spirit_orb":13,"minecraft:oak_log":30,"minecraft:shield":1,"minecraft:string":128,"minecraft:dirt":72,"minecraft:moss_carpet":4,"minecraft:name_tag":1,"minecraft:bone":29,"minecraft:wheat_seeds":10,"mowziesmobs:foliaath_seed":2,"biomesoplenty:black_sand":28,"minecraft:cobbled_deepslate":1,"minecraft:spruce_planks":1,"minecraft:iron_ingot":4,"minecraft:beef":1,"minecraft:stone_pickaxe":1,"minecraft:oak_boat":3,"dynamictrees:oak_seed":5,"minecraft:melon_slice":209,"minecraft:sugar_cane":3,"minecraft:iron_sword":3,"minecraft:iron_boots":6,"minecraft:furnace":2,"biomesoplenty:toadstool":2,"minecraft:stick":32,"minecraft:raw_iron":17,"minecraft:dark_oak_slab":4,"minecraft:torch":34,"minecraft:spruce_fence":1,"epicfight:skillbook":3,"minecraft:white_bed":2,"minecraft:carrot":1,"minecraft:spider_eye":9,"minecraft:dark_oak_planks":1,"minecraft:stripped_jungle_log":2,"minecraft:arrow":24,"minecraft:rotten_flesh":3,"minecraft:tropical_fish":6,"minecraft:stone_axe":1,"minecraft:chainmail_leggings":2,"dynamictrees:jungle_seed":1,"minecraft:mutton":2,"minecraft:coal":10,"minecraft:white_wool":15,"minecraft:cobblestone":198,"minecraft:ender_pearl":1},"minecraft:killed_by":{"mowziesmobs:naga":1,"minecraft:player":1,"minecraft:skeleton":2},"minecraft:killed":{"minecraft:cave_spider":5,"minecraft:spider":1,"minecraft:skeleton":16,"minecraft:zombie":5,"minecraft:chicken":1,"minecraft:silverfish":1,"cataclysm:lionfish":1,"minecraft:drowned":1,"minecraft:cow":1}},"DataVersion":3465}