{"stats":{"minecraft:mined":{"biomesoplenty:orange_sand":1},"minecraft:used":{"minecraft:stone_axe":1,"biomesoplenty:orange_sand":1},"minecraft:custom":{"minecraft:time_since_rest":17308,"minecraft:crouch_one_cm":20,"minecraft:damage_absorbed":18,"minecraft:sprint_one_cm":36458,"minecraft:play_time":17308,"minecraft:damage_taken":212,"minecraft:walk_one_cm":52817,"minecraft:sneak_time":18,"minecraft:walk_under_water_one_cm":174,"minecraft:drop":1,"minecraft:jump":205,"minecraft:damage_dealt":15,"minecraft:leave_game":2,"minecraft:walk_on_water_one_cm":144,"minecraft:time_since_death":17308,"minecraft:total_world_time":17308,"minecraft:swim_one_cm":407,"minecraft:fall_one_cm":4656,"minecraft:fly_one_cm":67295},"minecraft:dropped":{"minecraft:stone_axe":1},"minecraft:picked_up":{"minecraft:stick":7,"minecraft:acacia_log":7,"biomesoplenty:orange_sand":1}},"DataVersion":3465}