{"stats":{"minecraft:dropped":{"minecraft:stone_hoe":1,"minecraft:iron_ingot":2,"minecraft:iron_sword":3,"minecraft:wheat_seeds":9,"dtbop:willow_seed":2,"minecraft:cooked_beef":8,"minecraft:glow_ink_sac":2,"minecraft:glass_bottle":1,"mowziesmobs:foliaath_seed":1,"minecraft:diamond_leggings":1,"minecraft:prismarine_shard":2,"minecraft:dark_oak_slab":5,"minecraft:cobblestone":9,"minecraft:lead":1,"minecraft:leather":4,"biomesoplenty:willow_log":38,"minecraft:saddle":1,"minecraft:spruce_door":1,"minecraft:flint":1,"minecraft:dirt":116,"minecraft:wooden_axe":1,"minecraft:melon_slice":38,"minecraft:diamond_helmet":1,"minecraft:potion":1,"gravestone:obituary":9,"minecraft:sand":21,"minecraft:sugar":1,"minecraft:iron_pickaxe":2,"minecraft:chainmail_leggings":2,"minecraft:dark_oak_planks":1,"minecraft:tripwire_hook":2,"minecraft:white_wool":6,"epicfight:stray_pants":2,"minecraft:player_head":2,"minecraft:cobbled_deepslate":1,"minecraft:rotten_flesh":10,"minecraft:oak_planks":4,"minecraft:iron_boots":3,"minecraft:smoker":1,"minecraft:cooked_mutton":2,"minecraft:oak_sign":1,"minecraft:nether_bricks":6,"minecraft:spruce_fence":2,"minecraft:flint_and_steel":1,"minecraft:tipped_arrow":1,"minecraft:spruce_boat":1,"minecraft:shield":1,"mowziesmobs:umvuthana_mask_misery":1,"minecraft:oak_wood":1,"minecraft:spruce_planks":4,"minecraft:iron_chestplate":4,"minecraft:charcoal":3,"minecraft:chainmail_boots":1,"minecraft:spruce_wood":4,"minecraft:diamond_boots":1,"minecraft:iron_bars":4,"biomesoplenty:willow_planks":4,"minecraft:bow":1,"minecraft:wooden_pickaxe":1},"minecraft:mined":{"minecraft:dark_oak_planks":3,"biomesoplenty:watergrass":8,"minecraft:spruce_planks":11,"minecraft:stone_pressure_plate":1,"minecraft:white_bed":2,"minecraft:mossy_cobblestone":1,"minecraft:black_terracotta":2,"minecraft:jungle_slab":1,"gravestone:gravestone":7,"minecraft:grass_block":4,"biomesoplenty:willow_planks":3,"minecraft:spawner":19,"minecraft:furnace":3,"minecraft:iron_ore":20,"minecraft:fire":38,"minecraft:andesite":5,"minecraft:gold_block":9,"minecraft:dark_oak_stairs":1,"minecraft:vine":1,"minecraft:iron_bars":3,"minecraft:stone":96,"minecraft:player_head":1,"minecraft:white_wool":11,"minecraft:red_bed":1,"minecraft:smoker":6,"minecraft:crafting_table":2,"minecraft:torch":4,"minecraft:melon":38,"minecraft:chest":1,"minecraft:tall_grass":1,"minecraft:cobblestone":44,"biomesoplenty:sprout":2,"minecraft:sugar_cane":1,"minecraft:dark_oak_slab":3,"minecraft:tnt":6,"minecraft:grass":13,"minecraft:coal_ore":10,"minecraft:oak_log":9,"minecraft:sand":19,"minecraft:dirt":29,"minecraft:cobweb":59,"minecraft:tripwire_hook":2,"minecraft:stone_bricks":1,"minecraft:mossy_stone_bricks":1,"biomesoplenty:reed":1,"minecraft:deepslate":1,"minecraft:fern":26},"minecraft:broken":{"minecraft:chainmail_leggings":1,"minecraft:iron_boots":1,"minecraft:stone_pickaxe":1,"minecraft:stone_axe":1,"minecraft:iron_sword":2},"minecraft:killed":{"minecraft:cave_spider":6,"minecraft:witch":2,"minecraft:vindicator":5,"minecraft:spider":6,"dungeonsweaponry:enchanter":1,"minecraft:skeleton":34,"minecraft:chicken":8,"minecraft:silverfish":2,"cataclysm:lionfish":1,"minecraft:drowned":1,"minecraft:wolf":1,"minecraft:pig":2,"mowziesmobs:umvuthana_follower_raptor":2,"minecraft:creeper":1,"minecraft:squid":1,"minecraft:sheep":3,"minecraft:pillager":3,"minecraft:zombie":24,"minecraft:stray":4,"minecraft:wither_skeleton":4,"minecraft:cow":1},"minecraft:crafted":{"minecraft:black_dye":2,"minecraft:oak_planks":32,"minecraft:cooked_chicken":1,"minecraft:furnace":2,"minecraft:cooked_mutton":14,"minecraft:glass":18,"minecraft:iron_axe":1,"minecraft:stone_pickaxe":2,"minecraft:chest":1,"minecraft:spruce_boat":1,"magistuarmory:woolen_fabric":4,"minecraft:black_wool":2,"minecraft:stone_hoe":1,"minecraft:smoker":1,"minecraft:cooked_beef":10,"minecraft:cooked_porkchop":15,"minecraft:crafting_table":5,"minecraft:spruce_planks":16,"travelersbackpack:backpack_tank":2,"minecraft:wooden_pickaxe":1,"travelersbackpack:standard":1,"minecraft:iron_sword":2,"travelersbackpack:black_sleeping_bag":1,"minecraft:stone_axe":1,"biomesoplenty:willow_planks":84,"minecraft:air":0,"minecraft:tnt":2,"minecraft:white_wool":15,"minecraft:iron_chestplate":1,"minecraft:charcoal":20,"minecraft:shield":1,"minecraft:stick":12,"minecraft:iron_ingot":18,"minecraft:wooden_axe":1,"minecraft:white_bed":1,"minecraft:torch":64},"minecraft:custom":{"minecraft:mob_kills":115,"minecraft:interact_with_crafting_table":34,"minecraft:open_barrel":28,"minecraft:damage_dealt_resisted":26,"minecraft:leave_game":4,"minecraft:time_since_death":124464,"minecraft:climb_one_cm":61128,"minecraft:sprint_one_cm":1428347,"minecraft:walk_one_cm":1313164,"minecraft:damage_blocked_by_shield":1386,"minecraft:drop":188,"minecraft:damage_dealt_absorbed":393,"minecraft:play_time":280190,"minecraft:sneak_time":3936,"minecraft:deaths":8,"minecraft:walk_under_water_one_cm":46835,"minecraft:boat_one_cm":675306,"minecraft:jump":5714,"minecraft:walk_on_water_one_cm":63268,"minecraft:total_world_time":280190,"minecraft:interact_with_furnace":69,"minecraft:sleep_in_bed":7,"minecraft:time_since_rest":120818,"minecraft:waystone_activated":2,"minecraft:damage_taken":10445,"minecraft:damage_absorbed":3856,"minecraft:damage_dealt":29333,"minecraft:player_kills":1,"minecraft:swim_one_cm":100404,"minecraft:fly_one_cm":2240560,"minecraft:open_chest":119,"minecraft:crouch_one_cm":17611,"minecraft:interact_with_smoker":18,"minecraft:fall_one_cm":165266,"minecraft:horse_one_cm":526411},"minecraft:picked_up":{"minecraft:charcoal":13,"minecraft:iron_chestplate":6,"minecraft:crafting_table":2,"minecraft:chainmail_boots":1,"minecraft:chicken":6,"minecraft:lead":1,"aether:iron_gloves":2,"minecraft:wooden_pickaxe":1,"minecraft:enchanted_book":1,"minecraft:gold_block":7,"minecraft:potion":5,"minecraft:diamond_horse_armor":1,"gravestone:obituary":2,"minecraft:shield":1,"epicfight:stray_pants":2,"minecraft:string":138,"minecraft:moss_carpet":4,"minecraft:flint_and_steel":1,"minecraft:oak_sign":1,"biomesoplenty:willow_planks":4,"minecraft:diamond_leggings":3,"biomesoplenty:black_sand":28,"minecraft:cobbled_deepslate":1,"minecraft:spruce_planks":5,"minecraft:beef":1,"minecraft:oak_boat":3,"minecraft:player_head":3,"dynamictrees:oak_seed":5,"minecraft:iron_pickaxe":1,"minecraft:melon_slice":265,"minecraft:sugar_cane":3,"minecraft:chest":1,"minecraft:egg":1,"minecraft:iron_boots":7,"minecraft:furnace":2,"minecraft:tipped_arrow":1,"minecraft:raw_iron":17,"minecraft:stick":44,"minecraft:torch":57,"minecraft:spruce_fence":2,"epicfight:skillbook":5,"minecraft:porkchop":10,"minecraft:carrot":1,"minecraft:redstone":7,"minecraft:stone_pressure_plate":1,"minecraft:dark_oak_planks":1,"minecraft:tnt":5,"minecraft:arrow":113,"minecraft:rotten_flesh":34,"minecraft:diamond_chestplate":1,"minecraft:tropical_fish":7,"minecraft:nether_bricks":7,"minecraft:diamond_boots":2,"mowziesmobs:umvuthana_mask_bliss":1,"minecraft:saddle":2,"minecraft:mutton":9,"minecraft:iron_bars":12,"minecraft:white_wool":18,"minecraft:cobblestone":201,"minecraft:feather":12,"minecraft:glow_ink_sac":2,"minecraft:tripwire_hook":2,"minecraft:jungle_log":6,"minecraft:brown_wool":1,"minecraft:smoker":7,"paraglider:spirit_orb":37,"minecraft:flint":3,"minecraft:oak_log":30,"minecraft:lily_pad":1,"minecraft:gunpowder":12,"minecraft:acacia_boat":1,"minecraft:dirt":114,"minecraft:name_tag":1,"minecraft:glass":6,"minecraft:bone":82,"minecraft:stone_bricks":1,"mowziesmobs:umvuthana_mask_rage":1,"dtbop:willow_seed":2,"minecraft:bow":1,"minecraft:wheat_seeds":18,"mowziesmobs:foliaath_seed":2,"minecraft:spruce_wood":12,"minecraft:iron_ingot":4,"minecraft:stone_pickaxe":1,"minecraft:mossy_stone_bricks":1,"minecraft:diamond_helmet":1,"mowziesmobs:umvuthana_mask_misery":2,"minecraft:oak_planks":4,"minecraft:iron_sword":4,"minecraft:stone_hoe":1,"biomesoplenty:toadstool":2,"minecraft:dark_oak_slab":7,"minecraft:sand":39,"minecraft:ink_sac":4,"minecraft:white_bed":2,"dtbop:mahogany_seed":1,"minecraft:spider_eye":15,"minecraft:spruce_door":1,"minecraft:stripped_jungle_log":2,"minecraft:oak_wood":2,"minecraft:stone_axe":1,"minecraft:sugar":1,"biomesoplenty:willow_log":74,"minecraft:diamond":3,"minecraft:spruce_boat":4,"minecraft:chainmail_leggings":4,"dynamictrees:jungle_seed":1,"minecraft:golden_apple":1,"minecraft:emerald":14,"minecraft:coal":37,"minecraft:diamond_pickaxe":1,"minecraft:ender_pearl":1},"minecraft:used":{"minecraft:moss_carpet":4,"minecraft:iron_bars":2,"minecraft:flint_and_steel":8,"minecraft:chest":1,"minecraft:spruce_planks":2,"minecraft:shield":28,"minecraft:iron_sword":750,"minecraft:stone_hoe":3,"minecraft:cooked_chicken":1,"minecraft:rotten_flesh":7,"minecraft:iron_chestplate":1,"minecraft:torch":179,"minecraft:dirt":12,"minecraft:nether_bricks":1,"minecraft:carrot":1,"minecraft:snowball":48,"minecraft:spruce_boat":3,"minecraft:glass":2,"minecraft:wooden_axe":8,"minecraft:iron_axe":14,"minecraft:iron_boots":1,"minecraft:stone_bricks":1,"minecraft:furnace":4,"minecraft:egg":1,"minecraft:cooked_beef":14,"biomesoplenty:black_sand":6,"minecraft:wheat_seeds":1,"minecraft:cooked_mutton":5,"minecraft:acacia_boat":1,"epicfight:skillbook":6,"minecraft:mossy_stone_bricks":1,"biomesoplenty:willow_log":15,"minecraft:oak_planks":1,"minecraft:stone_pickaxe":177,"biomesoplenty:willow_planks":66,"minecraft:wooden_pickaxe":8,"minecraft:white_wool":3,"minecraft:tnt":5,"minecraft:crafting_table":7,"minecraft:white_bed":4,"minecraft:smoker":6,"minecraft:oak_log":2,"minecraft:diamond_pickaxe":15,"minecraft:diamond_shovel":24,"minecraft:iron_pickaxe":35,"minecraft:melon_slice":135,"minecraft:bread":2,"minecraft:brown_wool":1,"biomesoplenty:toadstool":2,"minecraft:stone_axe":91,"minecraft:potion":1,"minecraft:cobblestone":148,"travelersbackpack:standard":2,"minecraft:cooked_porkchop":51,"minecraft:oak_boat":3,"minecraft:splash_potion":2},"minecraft:killed_by":{"mowziesmobs:naga":1,"minecraft:player":2,"minecraft:skeleton":2}},"DataVersion":3465}