{"stats":{"minecraft:crafted":{"minecraft:oak_planks":24,"minecraft:charcoal":20,"minecraft:shield":1,"minecraft:crafting_table":1,"minecraft:stick":4,"minecraft:iron_ingot":11,"minecraft:wooden_pickaxe":1,"minecraft:wooden_axe":1,"minecraft:stone_pickaxe":1,"minecraft:iron_sword":1,"minecraft:furnace":1,"minecraft:torch":20,"minecraft:stone_axe":1,"minecraft:cooked_mutton":2,"minecraft:air":0},"minecraft:mined":{"minecraft:furnace":1,"minecraft:iron_ore":14,"gravestone:gravestone":3,"minecraft:grass":2,"minecraft:oak_log":8,"minecraft:stone":61},"minecraft:used":{"minecraft:oak_log":2,"minecraft:wooden_axe":8,"minecraft:moss_carpet":4,"minecraft:stone_pickaxe":68,"minecraft:wooden_pickaxe":8,"minecraft:iron_sword":26,"biomesoplenty:toadstool":2,"minecraft:rotten_flesh":2,"minecraft:stone_axe":3,"minecraft:torch":20,"minecraft:crafting_table":1,"minecraft:furnace":1,"minecraft:carrot":1,"minecraft:oak_boat":3,"minecraft:cooked_mutton":1},"minecraft:custom":{"minecraft:time_since_rest":15182,"minecraft:damage_absorbed":443,"minecraft:interact_with_furnace":29,"minecraft:sprint_one_cm":163558,"minecraft:damage_taken":909,"minecraft:walk_one_cm":221043,"minecraft:mob_kills":9,"minecraft:drop":5,"minecraft:damage_dealt":1599,"minecraft:swim_one_cm":27564,"minecraft:player_kills":1,"minecraft:interact_with_crafting_table":7,"minecraft:fly_one_cm":204931,"minecraft:open_chest":1,"minecraft:crouch_one_cm":722,"minecraft:play_time":40333,"minecraft:deaths":3,"minecraft:sneak_time":308,"minecraft:walk_under_water_one_cm":18344,"minecraft:boat_one_cm":327290,"minecraft:jump":688,"minecraft:walk_on_water_one_cm":16126,"minecraft:time_since_death":15158,"minecraft:total_world_time":40333,"minecraft:waystone_activated":1,"minecraft:fall_one_cm":14609},"minecraft:dropped":{"minecraft:wooden_axe":1,"gravestone:obituary":3,"minecraft:cooked_mutton":1},"minecraft:picked_up":{"biomesoplenty:toadstool":2,"minecraft:stick":25,"minecraft:raw_iron":11,"minecraft:chicken":1,"minecraft:oak_log":30,"minecraft:carrot":1,"minecraft:string":1,"minecraft:moss_carpet":4,"minecraft:bone":1,"minecraft:arrow":1,"minecraft:rotten_flesh":2,"minecraft:wheat_seeds":1,"minecraft:beef":1,"minecraft:oak_boat":3,"dynamictrees:oak_seed":5,"minecraft:mutton":2,"minecraft:furnace":1,"minecraft:feather":2,"minecraft:cobblestone":60},"minecraft:killed_by":{"mowziesmobs:naga":1,"minecraft:player":1},"minecraft:killed":{"minecraft:skeleton":2,"minecraft:zombie":4,"minecraft:chicken":1,"cataclysm:lionfish":1,"minecraft:cow":1}},"DataVersion":3465}