{
  "minecraft:recipes/decorations/crafting_table": {
    "criteria": {
      "unlock_right_away": "2024-10-13 13:57:22 +0000"
    },
    "done": true
  },
  "mowziesmobs:root": {
    "criteria": {
      "custom_test_name": "2024-10-13 13:57:22 +0000"
    },
    "done": true
  },
  "cataclysm:root": {
    "criteria": {
      "custom_test_name": "2024-10-13 13:57:22 +0000"
    },
    "done": true
  },
  "dungeons_arise:wda_root": {
    "criteria": {
      "WDA": "2024-10-13 13:57:22 +0000"
    },
    "done": true
  },
  "betterdungeons:root": {
    "criteria": {
      "always": "2024-10-13 13:57:22 +0000"
    },
    "done": true
  },
  "minecraft:adventure/adventuring_time": {
    "criteria": {
      "minecraft:bamboo_jungle": "2024-10-13 17:00:19 +0000",
      "minecraft:beach": "2024-10-13 14:42:07 +0000",
      "minecraft:mangrove_swamp": "2024-10-13 17:11:44 +0000",
      "minecraft:sparse_jungle": "2024-10-13 16:20:06 +0000",
      "minecraft:lukewarm_ocean": "2024-10-13 14:19:34 +0000",
      "minecraft:river": "2024-10-13 16:09:28 +0000",
      "minecraft:stony_shore": "2024-10-13 13:57:22 +0000",
      "minecraft:dripstone_caves": "2024-10-13 16:33:43 +0000",
      "minecraft:forest": "2024-10-18 22:21:36 +0000",
      "minecraft:lush_caves": "2024-10-13 14:52:54 +0000",
      "minecraft:jungle": "2024-10-13 14:32:47 +0000",
      "minecraft:deep_lukewarm_ocean": "2024-10-13 14:21:34 +0000",
      "minecraft:savanna": "2024-10-16 19:07:56 +0000",
      "minecraft:plains": "2024-10-13 16:19:47 +0000"
    },
    "done": false
  },
  "biomesoplenty:biomesoplenty/all_biomes": {
    "criteria": {
      "woodland": "2024-10-16 18:59:12 +0000",
      "scrubland": "2024-10-13 16:17:10 +0000",
      "bayou": "2024-10-13 16:04:38 +0000",
      "floodplain": "2024-10-13 14:39:33 +0000",
      "jacaranda_glade": "2024-10-13 16:15:58 +0000",
      "marsh": "2024-10-13 16:07:45 +0000",
      "old_growth_woodland": "2024-10-13 13:57:37 +0000",
      "mediterranean_forest": "2024-10-13 16:05:06 +0000",
      "dune_beach": "2024-10-13 16:09:09 +0000",
      "volcanic_plains": "2024-10-13 14:37:49 +0000",
      "rainforest": "2024-10-13 14:38:29 +0000"
    },
    "done": false
  },
  "biomesoplenty:biomesoplenty/root": {
    "criteria": {
      "old_growth_woodland": "2024-10-13 13:57:37 +0000"
    },
    "done": true
  },
  "spartanweaponry:recipes/wooden_club": {
    "criteria": {
      "has_wood_log": "2024-10-13 13:57:49 +0000"
    },
    "done": true
  },
  "totw_modded:root": {
    "criteria": {
      "sample_trigger": "2024-10-13 13:57:49 +0000"
    },
    "done": true
  },
  "minecraft:recipes/misc/charcoal": {
    "criteria": {
      "has_log": "2024-10-13 13:57:49 +0000"
    },
    "done": true
  },
  "minecraft:recipes/building_blocks/oak_planks": {
    "criteria": {
      "has_logs": "2024-10-13 13:57:49 +0000"
    },
    "done": true
  },
  "minecraft:recipes/building_blocks/oak_wood": {
    "criteria": {
      "has_log": "2024-10-13 13:57:49 +0000"
    },
    "done": true
  },
  "spartanweaponry:recipes/wooden_scythe": {
    "criteria": {
      "has_wood": "2024-10-13 13:58:11 +0000"
    },
    "done": true
  },
  "spartanweaponry:recipes/wooden_glaive": {
    "criteria": {
      "has_wood": "2024-10-13 13:58:11 +0000"
    },
    "done": true
  },
  "minecraft:recipes/decorations/oak_sign": {
    "criteria": {
      "has_planks": "2024-10-13 13:58:11 +0000"
    },
    "done": true
  },
  "minecraft:recipes/redstone/oak_trapdoor": {
    "criteria": {
      "has_planks": "2024-10-13 13:58:11 +0000"
    },
    "done": true
  },
  "spartanweaponry:recipes/wooden_lance": {
    "criteria": {
      "has_wood": "2024-10-13 13:58:11 +0000"
    },
    "done": true
  },
  "spartanweaponry:recipes/wooden_spear": {
    "criteria": {
      "has_wood": "2024-10-13 13:58:11 +0000"
    },
    "done": true
  },
  "spartanweaponry:recipes/wooden_longsword": {
    "criteria": {
      "has_wood": "2024-10-13 13:58:11 +0000"
    },
    "done": true
  },
  "minecraft:recipes/misc/stick": {
    "criteria": {
      "has_planks": "2024-10-13 13:58:11 +0000"
    },
    "done": true
  },
  "spartanweaponry:recipes/wooden_pike": {
    "criteria": {
      "has_wood": "2024-10-13 13:58:11 +0000"
    },
    "done": true
  },
  "minecraft:recipes/building_blocks/oak_stairs": {
    "criteria": {
      "has_planks": "2024-10-13 13:58:11 +0000"
    },
    "done": true
  },
  "minecraft:recipes/decorations/oak_fence": {
    "criteria": {
      "has_planks": "2024-10-13 13:58:11 +0000"
    },
    "done": true
  },
  "spartanweaponry:recipes/wooden_halberd": {
    "criteria": {
      "has_wood": "2024-10-13 13:58:11 +0000"
    },
    "done": true
  },
  "spartanweaponry:recipes/wooden_saber": {
    "criteria": {
      "has_wood": "2024-10-13 13:58:11 +0000"
    },
    "done": true
  },
  "spartanweaponry:recipes/wooden_javelin": {
    "criteria": {
      "has_wood": "2024-10-13 13:58:11 +0000"
    },
    "done": true
  },
  "spartanweaponry:recipes/wooden_katana": {
    "criteria": {
      "has_wood": "2024-10-13 13:58:11 +0000"
    },
    "done": true
  },
  "spartanweaponry:recipes/wooden_quarterstaff": {
    "criteria": {
      "has_wood": "2024-10-13 13:58:11 +0000"
    },
    "done": true
  },
  "spartanweaponry:recipes/wooden_battleaxe": {
    "criteria": {
      "has_wood": "2024-10-13 13:58:11 +0000"
    },
    "done": true
  },
  "minecraft:recipes/redstone/oak_button": {
    "criteria": {
      "has_planks": "2024-10-13 13:58:11 +0000"
    },
    "done": true
  },
  "spartanweaponry:recipes/wooden_battle_hammer": {
    "criteria": {
      "has_wood": "2024-10-13 13:58:11 +0000"
    },
    "done": true
  },
  "minecraft:recipes/building_blocks/oak_slab": {
    "criteria": {
      "has_planks": "2024-10-13 13:58:11 +0000"
    },
    "done": true
  },
  "spartanweaponry:recipes/wooden_warhammer": {
    "criteria": {
      "has_wood": "2024-10-13 13:58:11 +0000"
    },
    "done": true
  },
  "spartanweaponry:recipes/wooden_dagger": {
    "criteria": {
      "has_wood": "2024-10-13 13:58:11 +0000"
    },
    "done": true
  },
  "minecraft:recipes/redstone/oak_fence_gate": {
    "criteria": {
      "has_planks": "2024-10-13 13:58:11 +0000"
    },
    "done": true
  },
  "spartanweaponry:recipes/wooden_greatsword": {
    "criteria": {
      "has_wood": "2024-10-13 13:58:11 +0000"
    },
    "done": true
  },
  "spartanweaponry:recipes/wooden_parrying_dagger": {
    "criteria": {
      "has_wood": "2024-10-13 13:58:11 +0000"
    },
    "done": true
  },
  "spartanweaponry:recipes/wooden_rapier": {
    "criteria": {
      "has_wood": "2024-10-13 13:58:11 +0000"
    },
    "done": true
  },
  "minecraft:recipes/redstone/oak_pressure_plate": {
    "criteria": {
      "has_planks": "2024-10-13 13:58:11 +0000"
    },
    "done": true
  },
  "minecraft:recipes/redstone/oak_door": {
    "criteria": {
      "has_planks": "2024-10-13 13:58:11 +0000"
    },
    "done": true
  },
  "spartanweaponry:recipes/wooden_boomerang": {
    "criteria": {
      "has_wood": "2024-10-13 13:58:11 +0000"
    },
    "done": true
  },
  "spartanweaponry:recipes/wooden_throwing_knife": {
    "criteria": {
      "has_wood": "2024-10-13 13:58:11 +0000"
    },
    "done": true
  },
  "spartanweaponry:recipes/wooden_heavy_crossbow": {
    "criteria": {
      "has_wood": "2024-10-13 13:58:11 +0000"
    },
    "done": true
  },
  "spartanweaponry:recipes/wooden_flanged_mace": {
    "criteria": {
      "has_wood": "2024-10-13 13:58:11 +0000"
    },
    "done": true
  },
  "spartanweaponry:recipes/wooden_tomahawk": {
    "criteria": {
      "has_wood": "2024-10-13 13:58:11 +0000"
    },
    "done": true
  },
  "minecraft:recipes/decorations/barrel": {
    "criteria": {
      "has_planks": "2024-10-13 13:58:11 +0000"
    },
    "done": true
  },
  "spartanweaponry:recipes/wooden_longbow": {
    "criteria": {
      "has_wood": "2024-10-13 13:58:11 +0000"
    },
    "done": true
  },
  "minecraft:recipes/decorations/ladder": {
    "criteria": {
      "has_stick": "2024-10-13 13:58:13 +0000"
    },
    "done": true
  },
  "paraglider:root": {
    "criteria": {
      "crafting_table": "2024-10-13 13:58:13 +0000"
    },
    "done": true
  },
  "minecraft:recipes/tools/wooden_axe": {
    "criteria": {
      "has_stick": "2024-10-13 13:58:13 +0000"
    },
    "done": true
  },
  "travelersbackpack:recipes/misc/crafting_upgrade": {
    "criteria": {
      "has_crafting_table": "2024-10-13 13:58:13 +0000"
    },
    "done": true
  },
  "spartanweaponry:recipes/combat/pole_from_leather": {
    "criteria": {
      "has_stick": "2024-10-13 13:58:13 +0000"
    },
    "done": true
  },
  "spartanweaponry:recipes/combat/pole_from_wool": {
    "criteria": {
      "has_stick": "2024-10-13 13:58:13 +0000"
    },
    "done": true
  },
  "spartanweaponry:recipes/combat/handle_from_leather": {
    "criteria": {
      "has_stick": "2024-10-13 13:58:13 +0000"
    },
    "done": true
  },
  "spartanweaponry:recipes/combat/handle_from_wool": {
    "criteria": {
      "has_stick": "2024-10-13 13:58:13 +0000"
    },
    "done": true
  },
  "minecraft:recipes/decorations/campfire": {
    "criteria": {
      "has_stick": "2024-10-13 13:58:13 +0000"
    },
    "done": true
  },
  "minecraft:recipes/tools/wooden_hoe": {
    "criteria": {
      "has_stick": "2024-10-13 13:58:13 +0000"
    },
    "done": true
  },
  "minecraft:recipes/tools/wooden_pickaxe": {
    "criteria": {
      "has_stick": "2024-10-13 13:58:13 +0000"
    },
    "done": true
  },
  "minecraft:recipes/tools/wooden_shovel": {
    "criteria": {
      "has_stick": "2024-10-13 13:58:13 +0000"
    },
    "done": true
  },
  "paraglider:recipes/misc/paraglider": {
    "criteria": {
      "has_stick": "2024-10-13 13:58:13 +0000"
    },
    "done": true
  },
  "spartanweaponry:recipes/combat/pole_from_string": {
    "criteria": {
      "has_stick": "2024-10-13 13:58:13 +0000"
    },
    "done": true
  },
  "minecraft:recipes/combat/wooden_sword": {
    "criteria": {
      "has_stick": "2024-10-13 13:58:13 +0000"
    },
    "done": true
  },
  "spartanweaponry:recipes/combat/simple_handle": {
    "criteria": {
      "has_stick": "2024-10-13 13:58:13 +0000"
    },
    "done": true
  },
  "minecraft:story/root": {
    "criteria": {
      "crafting_table": "2024-10-13 13:58:13 +0000"
    },
    "done": true
  },
  "aether:recipes/tools/wooden_axe_repairing": {
    "criteria": {
      "has_wooden_axe": "2024-10-13 13:58:21 +0000"
    },
    "done": true
  },
  "aether:recipes/tools/wooden_pickaxe_repairing": {
    "criteria": {
      "has_wooden_pickaxe": "2024-10-13 14:00:12 +0000"
    },
    "done": true
  },
  "minecraft:recipes/redstone/lever": {
    "criteria": {
      "has_cobblestone": "2024-10-13 14:00:17 +0000"
    },
    "done": true
  },
  "spartanweaponry:recipes/stone_saber": {
    "criteria": {
      "has_cobblestone": "2024-10-13 14:00:17 +0000"
    },
    "done": true
  },
  "spartanweaponry:recipes/stone_glaive": {
    "criteria": {
      "has_cobblestone": "2024-10-13 14:00:17 +0000"
    },
    "done": true
  },
  "spartanweaponry:recipes/stone_scythe": {
    "criteria": {
      "has_cobblestone": "2024-10-13 14:00:17 +0000"
    },
    "done": true
  },
  "spartanweaponry:recipes/stone_greatsword": {
    "criteria": {
      "has_cobblestone": "2024-10-13 14:00:17 +0000"
    },
    "done": true
  },
  "spartanweaponry:recipes/stone_longsword": {
    "criteria": {
      "has_cobblestone": "2024-10-13 14:00:17 +0000"
    },
    "done": true
  },
  "minecraft:recipes/combat/stone_sword": {
    "criteria": {
      "has_cobblestone": "2024-10-13 14:00:17 +0000"
    },
    "done": true
  },
  "minecraft:recipes/decorations/cobblestone_wall": {
    "criteria": {
      "has_cobblestone": "2024-10-13 14:00:17 +0000"
    },
    "done": true
  },
  "minecraft:recipes/tools/stone_axe": {
    "criteria": {
      "has_cobblestone": "2024-10-13 14:00:17 +0000"
    },
    "done": true
  },
  "spartanweaponry:recipes/stone_katana": {
    "criteria": {
      "has_cobblestone": "2024-10-13 14:00:17 +0000"
    },
    "done": true
  },
  "spartanweaponry:recipes/stone_battle_hammer": {
    "criteria": {
      "has_cobblestone": "2024-10-13 14:00:17 +0000"
    },
    "done": true
  },
  "minecraft:story/mine_stone": {
    "criteria": {
      "get_stone": "2024-10-13 14:00:17 +0000"
    },
    "done": true
  },
  "minecraft:recipes/decorations/furnace": {
    "criteria": {
      "has_cobblestone": "2024-10-13 14:00:17 +0000"
    },
    "done": true
  },
  "spartanweaponry:recipes/stone_throwing_knife": {
    "criteria": {
      "has_cobblestone": "2024-10-13 14:00:17 +0000"
    },
    "done": true
  },
  "spartanweaponry:recipes/stone_parrying_dagger": {
    "criteria": {
      "has_cobblestone": "2024-10-13 14:00:17 +0000"
    },
    "done": true
  },
  "minecraft:recipes/building_blocks/cobblestone_slab_from_cobblestone_stonecutting": {
    "criteria": {
      "has_cobblestone": "2024-10-13 14:00:17 +0000"
    },
    "done": true
  },
  "minecraft:recipes/building_blocks/stone": {
    "criteria": {
      "has_cobblestone": "2024-10-13 14:00:17 +0000"
    },
    "done": true
  },
  "spartanweaponry:recipes/stone_boomerang": {
    "criteria": {
      "has_cobblestone": "2024-10-13 14:00:17 +0000"
    },
    "done": true
  },
  "spartanweaponry:recipes/stone_lance": {
    "criteria": {
      "has_cobblestone": "2024-10-13 14:00:17 +0000"
    },
    "done": true
  },
  "spartanweaponry:recipes/stone_quarterstaff": {
    "criteria": {
      "has_cobblestone": "2024-10-13 14:00:17 +0000"
    },
    "done": true
  },
  "spartanweaponry:recipes/stone_tomahawk": {
    "criteria": {
      "has_cobblestone": "2024-10-13 14:00:17 +0000"
    },
    "done": true
  },
  "minecraft:recipes/tools/stone_pickaxe": {
    "criteria": {
      "has_cobblestone": "2024-10-13 14:00:17 +0000"
    },
    "done": true
  },
  "spartanweaponry:recipes/stone_battleaxe": {
    "criteria": {
      "has_cobblestone": "2024-10-13 14:00:17 +0000"
    },
    "done": true
  },
  "spartanweaponry:recipes/stone_flanged_mace": {
    "criteria": {
      "has_cobblestone": "2024-10-13 14:00:17 +0000"
    },
    "done": true
  },
  "spartanweaponry:recipes/stone_spear": {
    "criteria": {
      "has_cobblestone": "2024-10-13 14:00:17 +0000"
    },
    "done": true
  },
  "spartanweaponry:recipes/stone_javelin": {
    "criteria": {
      "has_cobblestone": "2024-10-13 14:00:17 +0000"
    },
    "done": true
  },
  "minecraft:recipes/building_blocks/cobblestone_slab": {
    "criteria": {
      "has_cobblestone": "2024-10-13 14:00:17 +0000"
    },
    "done": true
  },
  "spartanweaponry:recipes/stone_pike": {
    "criteria": {
      "has_cobblestone": "2024-10-13 14:00:17 +0000"
    },
    "done": true
  },
  "spartanweaponry:recipes/stone_warhammer": {
    "criteria": {
      "has_cobblestone": "2024-10-13 14:00:17 +0000"
    },
    "done": true
  },
  "minecraft:recipes/decorations/cobblestone_wall_from_cobblestone_stonecutting": {
    "criteria": {
      "has_cobblestone": "2024-10-13 14:00:17 +0000"
    },
    "done": true
  },
  "minecraft:recipes/building_blocks/cobblestone_stairs_from_cobblestone_stonecutting": {
    "criteria": {
      "has_cobblestone": "2024-10-13 14:00:17 +0000"
    },
    "done": true
  },
  "spartanweaponry:recipes/stone_dagger": {
    "criteria": {
      "has_cobblestone": "2024-10-13 14:00:17 +0000"
    },
    "done": true
  },
  "spartanweaponry:recipes/stone_rapier": {
    "criteria": {
      "has_cobblestone": "2024-10-13 14:00:17 +0000"
    },
    "done": true
  },
  "spartanweaponry:recipes/stone_halberd": {
    "criteria": {
      "has_cobblestone": "2024-10-13 14:00:17 +0000"
    },
    "done": true
  },
  "minecraft:recipes/building_blocks/cobblestone_stairs": {
    "criteria": {
      "has_cobblestone": "2024-10-13 14:00:17 +0000"
    },
    "done": true
  },
  "minecraft:recipes/tools/stone_hoe": {
    "criteria": {
      "has_cobblestone": "2024-10-13 14:00:17 +0000"
    },
    "done": true
  },
  "minecraft:recipes/tools/stone_shovel": {
    "criteria": {
      "has_cobblestone": "2024-10-13 14:00:17 +0000"
    },
    "done": true
  },
  "aether:recipes/tools/stone_axe_repairing": {
    "criteria": {
      "has_stone_axe": "2024-10-13 14:01:08 +0000"
    },
    "done": true
  },
  "aether:recipes/tools/stone_pickaxe_repairing": {
    "criteria": {
      "has_stone_pickaxe": "2024-10-13 14:01:09 +0000"
    },
    "done": true
  },
  "minecraft:recipes/decorations/torch": {
    "criteria": {
      "has_stone_pickaxe": "2024-10-13 14:01:09 +0000"
    },
    "done": true
  },
  "minecraft:story/upgrade_tools": {
    "criteria": {
      "stone_pickaxe": "2024-10-13 14:01:09 +0000"
    },
    "done": true
  },
  "minecraft:recipes/building_blocks/raw_iron_block": {
    "criteria": {
      "has_raw_iron": "2024-10-13 14:01:26 +0000"
    },
    "done": true
  },
  "minecraft:recipes/misc/iron_ingot_from_smelting_raw_iron": {
    "criteria": {
      "has_raw_iron": "2024-10-13 14:01:26 +0000"
    },
    "done": true
  },
  "minecraft:recipes/misc/iron_ingot_from_blasting_raw_iron": {
    "criteria": {
      "has_raw_iron": "2024-10-13 14:01:26 +0000"
    },
    "done": true
  },
  "minecraft:recipes/decorations/chest": {
    "criteria": {
      "has_lots_of_items": "2024-10-13 14:02:01 +0000"
    },
    "done": true
  },
  "aether:recipes/decorations/skyroot_chest": {
    "criteria": {
      "has_lots_of_items": "2024-10-13 14:02:01 +0000"
    },
    "done": true
  },
  "minecraft:recipes/decorations/smoker": {
    "criteria": {
      "has_furnace": "2024-10-13 14:02:32 +0000"
    },
    "done": true
  },
  "travelersbackpack:recipes/misc/coal": {
    "criteria": {
      "has_coal": "2024-10-13 14:03:05 +0000"
    },
    "done": true
  },
  "minecraft:adventure/kill_all_mobs": {
    "criteria": {
      "minecraft:pillager": "2024-10-16 19:09:58 +0000",
      "minecraft:skeleton": "2024-10-13 14:06:07 +0000",
      "minecraft:vindicator": "2024-10-13 16:21:49 +0000",
      "minecraft:spider": "2024-10-13 14:53:58 +0000",
      "minecraft:creeper": "2024-10-13 16:36:55 +0000",
      "minecraft:witch": "2024-10-13 16:12:21 +0000",
      "minecraft:wither_skeleton": "2024-10-13 16:39:58 +0000",
      "minecraft:cave_spider": "2024-10-13 14:46:58 +0000",
      "minecraft:silverfish": "2024-10-13 15:07:22 +0000",
      "minecraft:stray": "2024-10-13 16:36:45 +0000",
      "minecraft:zombie": "2024-10-13 14:11:34 +0000",
      "minecraft:drowned": "2024-10-13 15:04:30 +0000"
    },
    "done": false
  },
  "minecraft:adventure/root": {
    "criteria": {
      "killed_something": "2024-10-13 14:06:07 +0000"
    },
    "done": true
  },
  "minecraft:adventure/kill_a_mob": {
    "criteria": {
      "minecraft:skeleton": "2024-10-13 14:06:07 +0000"
    },
    "done": true
  },
  "minecraft:recipes/misc/bone_meal": {
    "criteria": {
      "has_bone": "2024-10-13 14:06:08 +0000"
    },
    "done": true
  },
  "spartanweaponry:recipes/small_arrow_quiver": {
    "criteria": {
      "has_arrow": "2024-10-13 14:06:08 +0000"
    },
    "done": true
  },
  "travelersbackpack:recipes/misc/skeleton": {
    "criteria": {
      "has_arrow": "2024-10-13 14:06:08 +0000"
    },
    "done": true
  },
  "travelersbackpack:recipes/misc/wolf": {
    "criteria": {
      "has_bone": "2024-10-13 14:06:08 +0000"
    },
    "done": true
  },
  "spartanweaponry:recipes/iron_javelin": {
    "criteria": {
      "has_iron_ingot": "2024-10-13 14:07:58 +0000"
    },
    "done": true
  },
  "minecraft:recipes/combat/iron_leggings": {
    "criteria": {
      "has_iron_ingot": "2024-10-13 14:07:58 +0000"
    },
    "done": true
  },
  "aether:recipes/combat/iron_pendant": {
    "criteria": {
      "has_iron_ingot": "2024-10-13 14:07:58 +0000"
    },
    "done": true
  },
  "minecraft:recipes/combat/iron_chestplate": {
    "criteria": {
      "has_iron_ingot": "2024-10-13 14:07:58 +0000"
    },
    "done": true
  },
  "spartanweaponry:recipes/iron_quarterstaff": {
    "criteria": {
      "has_iron_ingot": "2024-10-13 14:07:58 +0000"
    },
    "done": true
  },
  "travelersbackpack:recipes/misc/backpack_tank": {
    "criteria": {
      "has_iron": "2024-10-13 14:07:58 +0000"
    },
    "done": true
  },
  "minecraft:recipes/misc/iron_nugget": {
    "criteria": {
      "has_iron_ingot": "2024-10-13 14:07:58 +0000"
    },
    "done": true
  },
  "spartanweaponry:recipes/iron_halberd": {
    "criteria": {
      "has_iron_ingot": "2024-10-13 14:07:58 +0000"
    },
    "done": true
  },
  "minecraft:recipes/misc/bucket": {
    "criteria": {
      "has_iron_ingot": "2024-10-13 14:07:58 +0000"
    },
    "done": true
  },
  "spartanweaponry:recipes/iron_flanged_mace": {
    "criteria": {
      "has_iron_ingot": "2024-10-13 14:07:58 +0000"
    },
    "done": true
  },
  "minecraft:recipes/combat/iron_helmet": {
    "criteria": {
      "has_iron_ingot": "2024-10-13 14:07:58 +0000"
    },
    "done": true
  },
  "spartanweaponry:recipes/iron_boomerang": {
    "criteria": {
      "has_iron_ingot": "2024-10-13 14:07:58 +0000"
    },
    "done": true
  },
  "minecraft:recipes/transportation/minecart": {
    "criteria": {
      "has_iron_ingot": "2024-10-13 14:07:58 +0000"
    },
    "done": true
  },
  "minecraft:recipes/tools/iron_hoe": {
    "criteria": {
      "has_iron_ingot": "2024-10-13 14:07:58 +0000"
    },
    "done": true
  },
  "spartanweaponry:recipes/iron_katana": {
    "criteria": {
      "has_iron_ingot": "2024-10-13 14:07:58 +0000"
    },
    "done": true
  },
  "spartanweaponry:recipes/iron_pike": {
    "criteria": {
      "has_iron_ingot": "2024-10-13 14:07:58 +0000"
    },
    "done": true
  },
  "spartanweaponry:recipes/iron_heavy_crossbow": {
    "criteria": {
      "has_iron_ingot": "2024-10-13 14:07:58 +0000"
    },
    "done": true
  },
  "minecraft:story/smelt_iron": {
    "criteria": {
      "iron": "2024-10-13 14:07:58 +0000"
    },
    "done": true
  },
  "minecraft:recipes/tools/shears": {
    "criteria": {
      "has_iron_ingot": "2024-10-13 14:07:58 +0000"
    },
    "done": true
  },
  "spartanweaponry:recipes/iron_tomahawk": {
    "criteria": {
      "has_iron_ingot": "2024-10-13 14:07:58 +0000"
    },
    "done": true
  },
  "minecraft:recipes/decorations/chain": {
    "criteria": {
      "has_iron_ingot": "2024-10-13 14:07:58 +0000"
    },
    "done": true
  },
  "spartanweaponry:recipes/iron_glaive": {
    "criteria": {
      "has_iron_ingot": "2024-10-13 14:07:58 +0000"
    },
    "done": true
  },
  "spartanweaponry:recipes/iron_warhammer": {
    "criteria": {
      "has_iron_ingot": "2024-10-13 14:07:58 +0000"
    },
    "done": true
  },
  "minecraft:recipes/building_blocks/iron_block": {
    "criteria": {
      "has_iron_ingot": "2024-10-13 14:07:58 +0000"
    },
    "done": true
  },
  "spartanweaponry:recipes/iron_longsword": {
    "criteria": {
      "has_iron_ingot": "2024-10-13 14:07:58 +0000"
    },
    "done": true
  },
  "spartanweaponry:recipes/iron_parrying_dagger": {
    "criteria": {
      "has_iron_ingot": "2024-10-13 14:07:58 +0000"
    },
    "done": true
  },
  "minecraft:recipes/decorations/smithing_table": {
    "criteria": {
      "has_iron_ingot": "2024-10-13 14:07:58 +0000"
    },
    "done": true
  },
  "spartanweaponry:recipes/iron_rapier": {
    "criteria": {
      "has_iron_ingot": "2024-10-13 14:07:58 +0000"
    },
    "done": true
  },
  "spartanweaponry:recipes/iron_battleaxe": {
    "criteria": {
      "has_iron_ingot": "2024-10-13 14:07:58 +0000"
    },
    "done": true
  },
  "spartanweaponry:recipes/iron_lance": {
    "criteria": {
      "has_iron_ingot": "2024-10-13 14:07:58 +0000"
    },
    "done": true
  },
  "spartanweaponry:recipes/iron_dagger": {
    "criteria": {
      "has_iron_ingot": "2024-10-13 14:07:58 +0000"
    },
    "done": true
  },
  "spartanweaponry:recipes/iron_throwing_knife": {
    "criteria": {
      "has_iron_ingot": "2024-10-13 14:07:58 +0000"
    },
    "done": true
  },
  "minecraft:recipes/combat/iron_sword": {
    "criteria": {
      "has_iron_ingot": "2024-10-13 14:07:58 +0000"
    },
    "done": true
  },
  "minecraft:recipes/tools/iron_pickaxe": {
    "criteria": {
      "has_iron_ingot": "2024-10-13 14:07:58 +0000"
    },
    "done": true
  },
  "minecraft:recipes/combat/shield": {
    "criteria": {
      "has_iron_ingot": "2024-10-13 14:07:58 +0000"
    },
    "done": true
  },
  "minecraft:recipes/redstone/hopper": {
    "criteria": {
      "has_iron_ingot": "2024-10-13 14:07:58 +0000"
    },
    "done": true
  },
  "travelersbackpack:recipes/misc/iron": {
    "criteria": {
      "has_iron_ingot": "2024-10-13 14:07:58 +0000"
    },
    "done": true
  },
  "minecraft:recipes/decorations/iron_bars": {
    "criteria": {
      "has_iron_ingot": "2024-10-13 14:07:58 +0000"
    },
    "done": true
  },
  "aether:recipes/combat/iron_gloves": {
    "criteria": {
      "has_iron": "2024-10-13 14:07:58 +0000"
    },
    "done": true
  },
  "travelersbackpack:recipes/misc/iron_tier_upgrade": {
    "criteria": {
      "has_iron_ingot": "2024-10-13 14:07:58 +0000"
    },
    "done": true
  },
  "aether:recipes/decorations/skyroot_smithing_table": {
    "criteria": {
      "has_iron_ingot": "2024-10-13 14:07:58 +0000"
    },
    "done": true
  },
  "minecraft:recipes/combat/iron_boots": {
    "criteria": {
      "has_iron_ingot": "2024-10-13 14:07:58 +0000"
    },
    "done": true
  },
  "travelersbackpack:recipes/misc/hose_nozzle": {
    "criteria": {
      "has_iron": "2024-10-13 14:07:58 +0000"
    },
    "done": true
  },
  "aether:recipes/combat/skyroot_iron_vanilla_shield": {
    "criteria": {
      "has_iron_ingot": "2024-10-13 14:07:58 +0000"
    },
    "done": true
  },
  "minecraft:recipes/decorations/lantern": {
    "criteria": {
      "has_iron_ingot": "2024-10-13 14:07:58 +0000"
    },
    "done": true
  },
  "minecraft:recipes/tools/iron_shovel": {
    "criteria": {
      "has_iron_ingot": "2024-10-13 14:07:58 +0000"
    },
    "done": true
  },
  "spartanweaponry:recipes/iron_longbow": {
    "criteria": {
      "has_iron_ingot": "2024-10-13 14:07:58 +0000"
    },
    "done": true
  },
  "spartanweaponry:recipes/iron_greatsword": {
    "criteria": {
      "has_iron_ingot": "2024-10-13 14:07:58 +0000"
    },
    "done": true
  },
  "aether:recipes/combat/iron_ring": {
    "criteria": {
      "has_iron_ingot": "2024-10-13 14:07:58 +0000"
    },
    "done": true
  },
  "minecraft:recipes/redstone/iron_trapdoor": {
    "criteria": {
      "has_iron_ingot": "2024-10-13 14:07:58 +0000"
    },
    "done": true
  },
  "spartanweaponry:recipes/iron_battle_hammer": {
    "criteria": {
      "has_iron_ingot": "2024-10-13 14:07:58 +0000"
    },
    "done": true
  },
  "minecraft:recipes/tools/iron_axe": {
    "criteria": {
      "has_iron_ingot": "2024-10-13 14:07:58 +0000"
    },
    "done": true
  },
  "minecraft:recipes/combat/crossbow": {
    "criteria": {
      "has_iron_ingot": "2024-10-13 14:07:58 +0000"
    },
    "done": true
  },
  "spartanweaponry:recipes/iron_scythe": {
    "criteria": {
      "has_iron_ingot": "2024-10-13 14:07:58 +0000"
    },
    "done": true
  },
  "spartanweaponry:recipes/iron_spear": {
    "criteria": {
      "has_iron_ingot": "2024-10-13 14:07:58 +0000"
    },
    "done": true
  },
  "spartanweaponry:recipes/iron_saber": {
    "criteria": {
      "has_iron_ingot": "2024-10-13 14:07:58 +0000"
    },
    "done": true
  },
  "minecraft:recipes/redstone/iron_door": {
    "criteria": {
      "has_iron_ingot": "2024-10-13 14:07:58 +0000"
    },
    "done": true
  },
  "minecraft:recipes/redstone/heavy_weighted_pressure_plate": {
    "criteria": {
      "has_iron_ingot": "2024-10-13 14:07:58 +0000"
    },
    "done": true
  },
  "minecraft:recipes/food/cooked_mutton_from_smoking": {
    "criteria": {
      "has_mutton": "2024-10-13 14:08:12 +0000"
    },
    "done": true
  },
  "spartanweaponry:recipes/grease_ball": {
    "criteria": {
      "has_meat": "2024-10-13 14:08:12 +0000"
    },
    "done": true
  },
  "minecraft:recipes/food/cooked_mutton": {
    "criteria": {
      "has_mutton": "2024-10-13 14:08:12 +0000"
    },
    "done": true
  },
  "minecraft:recipes/food/cooked_mutton_from_campfire_cooking": {
    "criteria": {
      "has_mutton": "2024-10-13 14:08:12 +0000"
    },
    "done": true
  },
  "minecraft:recipes/misc/iron_nugget_from_smelting": {
    "criteria": {
      "has_iron_sword": "2024-10-13 14:08:42 +0000"
    },
    "done": true
  },
  "aether:recipes/combat/iron_sword_repairing": {
    "criteria": {
      "has_iron_sword": "2024-10-13 14:08:42 +0000"
    },
    "done": true
  },
  "minecraft:recipes/misc/iron_nugget_from_blasting": {
    "criteria": {
      "has_iron_sword": "2024-10-13 14:08:42 +0000"
    },
    "done": true
  },
  "aether:recipes/decorations/skyroot_loom": {
    "criteria": {
      "has_string": "2024-10-13 14:09:36 +0000"
    },
    "done": true
  },
  "minecraft:recipes/combat/bow": {
    "criteria": {
      "has_string": "2024-10-13 14:09:36 +0000"
    },
    "done": true
  },
  "minecraft:recipes/tools/fishing_rod": {
    "criteria": {
      "has_string": "2024-10-13 14:09:36 +0000"
    },
    "done": true
  },
  "minecraft:recipes/redstone/tripwire_hook": {
    "criteria": {
      "has_string": "2024-10-13 14:09:36 +0000"
    },
    "done": true
  },
  "travelersbackpack:recipes/misc/spider": {
    "criteria": {
      "has_string": "2024-10-13 14:09:36 +0000"
    },
    "done": true
  },
  "minecraft:recipes/decorations/candle": {
    "criteria": {
      "has_string": "2024-10-13 14:09:36 +0000"
    },
    "done": true
  },
  "spartanweaponry:recipes/combat/handle_from_string": {
    "criteria": {
      "has_string": "2024-10-13 14:09:36 +0000"
    },
    "done": true
  },
  "aether:recipes/redstone/skyroot_tripwire_hook": {
    "criteria": {
      "has_string": "2024-10-13 14:09:36 +0000"
    },
    "done": true
  },
  "minecraft:recipes/building_blocks/white_wool_from_string": {
    "criteria": {
      "has_string": "2024-10-13 14:09:36 +0000"
    },
    "done": true
  },
  "minecraft:recipes/decorations/loom": {
    "criteria": {
      "has_string": "2024-10-13 14:09:36 +0000"
    },
    "done": true
  },
  "minecraft:husbandry/root": {
    "criteria": {
      "consumed_item": "2024-10-13 14:10:52 +0000"
    },
    "done": true
  },
  "minecraft:husbandry/balanced_diet": {
    "criteria": {
      "cooked_porkchop": "2024-10-13 16:28:55 +0000",
      "cooked_mutton": "2024-10-13 14:10:52 +0000",
      "cooked_beef": "2024-10-13 15:58:23 +0000",
      "bread": "2024-10-16 19:05:28 +0000",
      "golden_apple": "2024-10-18 22:40:48 +0000",
      "rotten_flesh": "2024-10-13 14:30:36 +0000",
      "melon_slice": "2024-10-13 14:39:18 +0000",
      "cooked_chicken": "2024-10-13 14:36:03 +0000",
      "carrot": "2024-10-13 14:14:52 +0000"
    },
    "done": false
  },
  "minecraft:recipes/food/cooked_chicken_from_campfire_cooking": {
    "criteria": {
      "has_chicken": "2024-10-13 14:11:04 +0000"
    },
    "done": true
  },
  "minecraft:recipes/food/cooked_chicken": {
    "criteria": {
      "has_chicken": "2024-10-13 14:11:04 +0000"
    },
    "done": true
  },
  "minecraft:recipes/combat/arrow": {
    "criteria": {
      "has_feather": "2024-10-13 14:11:04 +0000"
    },
    "done": true
  },
  "spartanweaponry:recipes/diamond_bolt": {
    "criteria": {
      "has_feather": "2024-10-13 14:11:04 +0000"
    },
    "done": true
  },
  "aether:recipes/combat/golden_dart": {
    "criteria": {
      "has_feather": "2024-10-13 14:11:04 +0000"
    },
    "done": true
  },
  "travelersbackpack:recipes/misc/chicken": {
    "criteria": {
      "has_feather": "2024-10-13 14:11:04 +0000"
    },
    "done": true
  },
  "spartanweaponry:recipes/iron_arrow": {
    "criteria": {
      "has_feather": "2024-10-13 14:11:04 +0000"
    },
    "done": true
  },
  "spartanweaponry:recipes/wooden_arrow": {
    "criteria": {
      "has_feather": "2024-10-13 14:11:04 +0000"
    },
    "done": true
  },
  "minecraft:recipes/food/cooked_chicken_from_smoking": {
    "criteria": {
      "has_chicken": "2024-10-13 14:11:04 +0000"
    },
    "done": true
  },
  "spartanweaponry:recipes/bolt": {
    "criteria": {
      "has_feather": "2024-10-13 14:11:04 +0000"
    },
    "done": true
  },
  "spartanweaponry:recipes/diamond_arrow": {
    "criteria": {
      "has_feather": "2024-10-13 14:11:04 +0000"
    },
    "done": true
  },
  "spartanweaponry:recipes/copper_arrow": {
    "criteria": {
      "has_feather": "2024-10-13 14:11:04 +0000"
    },
    "done": true
  },
  "spartanweaponry:recipes/copper_bolt": {
    "criteria": {
      "has_feather": "2024-10-13 14:11:04 +0000"
    },
    "done": true
  },
  "minecraft:recipes/transportation/carrot_on_a_stick": {
    "criteria": {
      "has_carrot": "2024-10-13 14:12:28 +0000"
    },
    "done": true
  },
  "aether:recipes/combat/shield_repairing": {
    "criteria": {
      "has_shield": "2024-10-13 14:12:51 +0000"
    },
    "done": true
  },
  "minecraft:recipes/food/cooked_beef_from_smoking": {
    "criteria": {
      "has_beef": "2024-10-13 14:19:18 +0000"
    },
    "done": true
  },
  "minecraft:recipes/food/cooked_beef": {
    "criteria": {
      "has_beef": "2024-10-13 14:19:18 +0000"
    },
    "done": true
  },
  "minecraft:recipes/food/cooked_beef_from_campfire_cooking": {
    "criteria": {
      "has_beef": "2024-10-13 14:19:18 +0000"
    },
    "done": true
  },
  "twilightforest:recipes/transportation/twilight_oak_boat": {
    "criteria": {
      "in_water": "2024-10-13 14:19:35 +0000"
    },
    "done": true
  },
  "twilightforest:recipes/transportation/time_boat": {
    "criteria": {
      "in_water": "2024-10-13 14:19:35 +0000"
    },
    "done": true
  },
  "twilightforest:recipes/transportation/mining_boat": {
    "criteria": {
      "in_water": "2024-10-13 14:19:35 +0000"
    },
    "done": true
  },
  "biomesoplenty:recipes/transportation/willow_boat": {
    "criteria": {
      "in_water": "2024-10-13 14:19:35 +0000"
    },
    "done": true
  },
  "aether:recipes/transportation/skyroot_boat": {
    "criteria": {
      "in_water": "2024-10-13 14:19:35 +0000"
    },
    "done": true
  },
  "twilightforest:recipes/transportation/mangrove_boat": {
    "criteria": {
      "in_water": "2024-10-13 14:19:35 +0000"
    },
    "done": true
  },
  "biomesoplenty:recipes/transportation/fir_boat": {
    "criteria": {
      "in_water": "2024-10-13 14:19:35 +0000"
    },
    "done": true
  },
  "twilightforest:recipes/transportation/transformation_boat": {
    "criteria": {
      "in_water": "2024-10-13 14:19:35 +0000"
    },
    "done": true
  },
  "minecraft:recipes/transportation/cherry_boat": {
    "criteria": {
      "in_water": "2024-10-13 14:19:35 +0000"
    },
    "done": true
  },
  "biomesoplenty:recipes/transportation/umbran_boat": {
    "criteria": {
      "in_water": "2024-10-13 14:19:35 +0000"
    },
    "done": true
  },
  "minecraft:recipes/transportation/bamboo_raft": {
    "criteria": {
      "in_water": "2024-10-13 14:19:35 +0000"
    },
    "done": true
  },
  "biomesoplenty:recipes/transportation/maple_boat": {
    "criteria": {
      "in_water": "2024-10-13 14:19:35 +0000"
    },
    "done": true
  },
  "biomesoplenty:recipes/transportation/dead_boat": {
    "criteria": {
      "in_water": "2024-10-13 14:19:35 +0000"
    },
    "done": true
  },
  "minecraft:recipes/transportation/spruce_boat": {
    "criteria": {
      "in_water": "2024-10-13 14:19:35 +0000"
    },
    "done": true
  },
  "biomesoplenty:recipes/transportation/magic_boat": {
    "criteria": {
      "in_water": "2024-10-13 14:19:35 +0000"
    },
    "done": true
  },
  "minecraft:recipes/transportation/birch_boat": {
    "criteria": {
      "in_water": "2024-10-13 14:19:35 +0000"
    },
    "done": true
  },
  "minecraft:recipes/transportation/oak_boat": {
    "criteria": {
      "in_water": "2024-10-13 14:19:35 +0000"
    },
    "done": true
  },
  "biomesoplenty:recipes/transportation/redwood_boat": {
    "criteria": {
      "in_water": "2024-10-13 14:19:35 +0000"
    },
    "done": true
  },
  "minecraft:recipes/transportation/mangrove_boat": {
    "criteria": {
      "in_water": "2024-10-13 14:19:35 +0000"
    },
    "done": true
  },
  "biomesoplenty:recipes/transportation/hellbark_boat": {
    "criteria": {
      "in_water": "2024-10-13 14:19:35 +0000"
    },
    "done": true
  },
  "biomesoplenty:recipes/transportation/jacaranda_boat": {
    "criteria": {
      "in_water": "2024-10-13 14:19:35 +0000"
    },
    "done": true
  },
  "twilightforest:recipes/transportation/canopy_boat": {
    "criteria": {
      "in_water": "2024-10-13 14:19:35 +0000"
    },
    "done": true
  },
  "biomesoplenty:recipes/transportation/mahogany_boat": {
    "criteria": {
      "in_water": "2024-10-13 14:19:35 +0000"
    },
    "done": true
  },
  "twilightforest:recipes/transportation/dark_boat": {
    "criteria": {
      "in_water": "2024-10-13 14:19:35 +0000"
    },
    "done": true
  },
  "biomesoplenty:recipes/transportation/palm_boat": {
    "criteria": {
      "in_water": "2024-10-13 14:19:35 +0000"
    },
    "done": true
  },
  "biomesoplenty:recipes/transportation/empyreal_boat": {
    "criteria": {
      "in_water": "2024-10-13 14:19:35 +0000"
    },
    "done": true
  },
  "biomesoplenty:recipes/transportation/pine_boat": {
    "criteria": {
      "in_water": "2024-10-13 14:19:35 +0000"
    },
    "done": true
  },
  "minecraft:recipes/transportation/acacia_boat": {
    "criteria": {
      "in_water": "2024-10-13 14:19:35 +0000"
    },
    "done": true
  },
  "twilightforest:recipes/transportation/sorting_boat": {
    "criteria": {
      "in_water": "2024-10-13 14:19:35 +0000"
    },
    "done": true
  },
  "minecraft:recipes/transportation/jungle_boat": {
    "criteria": {
      "in_water": "2024-10-13 14:19:35 +0000"
    },
    "done": true
  },
  "minecraft:recipes/transportation/dark_oak_boat": {
    "criteria": {
      "in_water": "2024-10-13 14:19:35 +0000"
    },
    "done": true
  },
  "awesomedungeonocean:root": {
    "criteria": {
      "awesomedungeonocean:ocean_ruin_pillager": "2024-10-13 14:20:00 +0000"
    },
    "done": true
  },
  "awesomedungeonocean:ocean_ruin_pillager/find_normal": {
    "criteria": {
      "requirement": "2024-10-13 14:20:00 +0000"
    },
    "done": true
  },
  "twilightforest:recipes/transportation/transformation_chest_boat": {
    "criteria": {
      "has_boat": "2024-10-13 14:21:52 +0000"
    },
    "done": true
  },
  "twilightforest:recipes/transportation/sorting_chest_boat": {
    "criteria": {
      "has_boat": "2024-10-13 14:21:52 +0000"
    },
    "done": true
  },
  "biomesoplenty:recipes/transportation/jacaranda_chest_boat": {
    "criteria": {
      "has_boat": "2024-10-13 14:21:52 +0000"
    },
    "done": true
  },
  "twilightforest:recipes/transportation/canopy_chest_boat": {
    "criteria": {
      "has_boat": "2024-10-13 14:21:52 +0000"
    },
    "done": true
  },
  "biomesoplenty:recipes/transportation/pine_chest_boat": {
    "criteria": {
      "has_boat": "2024-10-13 14:21:52 +0000"
    },
    "done": true
  },
  "minecraft:recipes/transportation/spruce_chest_boat": {
    "criteria": {
      "has_boat": "2024-10-13 14:21:52 +0000"
    },
    "done": true
  },
  "minecraft:recipes/transportation/jungle_chest_boat": {
    "criteria": {
      "has_boat": "2024-10-13 14:21:52 +0000"
    },
    "done": true
  },
  "twilightforest:recipes/transportation/time_chest_boat": {
    "criteria": {
      "has_boat": "2024-10-13 14:21:52 +0000"
    },
    "done": true
  },
  "minecraft:recipes/transportation/acacia_chest_boat": {
    "criteria": {
      "has_boat": "2024-10-13 14:21:52 +0000"
    },
    "done": true
  },
  "biomesoplenty:recipes/transportation/magic_chest_boat": {
    "criteria": {
      "has_boat": "2024-10-13 14:21:52 +0000"
    },
    "done": true
  },
  "minecraft:recipes/transportation/mangrove_chest_boat": {
    "criteria": {
      "has_boat": "2024-10-13 14:21:52 +0000"
    },
    "done": true
  },
  "biomesoplenty:recipes/transportation/fir_chest_boat": {
    "criteria": {
      "has_boat": "2024-10-13 14:21:52 +0000"
    },
    "done": true
  },
  "biomesoplenty:recipes/transportation/maple_chest_boat": {
    "criteria": {
      "has_boat": "2024-10-13 14:21:52 +0000"
    },
    "done": true
  },
  "biomesoplenty:recipes/transportation/palm_chest_boat": {
    "criteria": {
      "has_boat": "2024-10-13 14:21:52 +0000"
    },
    "done": true
  },
  "biomesoplenty:recipes/transportation/redwood_chest_boat": {
    "criteria": {
      "has_boat": "2024-10-13 14:21:52 +0000"
    },
    "done": true
  },
  "twilightforest:recipes/transportation/mining_chest_boat": {
    "criteria": {
      "has_boat": "2024-10-13 14:21:52 +0000"
    },
    "done": true
  },
  "minecraft:recipes/transportation/oak_chest_boat": {
    "criteria": {
      "has_boat": "2024-10-13 14:21:52 +0000"
    },
    "done": true
  },
  "minecraft:recipes/transportation/cherry_chest_boat": {
    "criteria": {
      "has_boat": "2024-10-13 14:21:52 +0000"
    },
    "done": true
  },
  "biomesoplenty:recipes/transportation/empyreal_chest_boat": {
    "criteria": {
      "has_boat": "2024-10-13 14:21:52 +0000"
    },
    "done": true
  },
  "minecraft:recipes/transportation/birch_chest_boat": {
    "criteria": {
      "has_boat": "2024-10-13 14:21:52 +0000"
    },
    "done": true
  },
  "biomesoplenty:recipes/transportation/dead_chest_boat": {
    "criteria": {
      "has_boat": "2024-10-13 14:21:52 +0000"
    },
    "done": true
  },
  "twilightforest:recipes/transportation/twilight_oak_chest_boat": {
    "criteria": {
      "has_boat": "2024-10-13 14:21:52 +0000"
    },
    "done": true
  },
  "minecraft:recipes/transportation/dark_oak_chest_boat": {
    "criteria": {
      "has_boat": "2024-10-13 14:21:52 +0000"
    },
    "done": true
  },
  "twilightforest:recipes/transportation/mangrove_chest_boat": {
    "criteria": {
      "has_boat": "2024-10-13 14:21:52 +0000"
    },
    "done": true
  },
  "minecraft:recipes/transportation/bamboo_chest_raft": {
    "criteria": {
      "has_boat": "2024-10-13 14:21:52 +0000"
    },
    "done": true
  },
  "biomesoplenty:recipes/transportation/hellbark_chest_boat": {
    "criteria": {
      "has_boat": "2024-10-13 14:21:52 +0000"
    },
    "done": true
  },
  "twilightforest:recipes/transportation/dark_chest_boat": {
    "criteria": {
      "has_boat": "2024-10-13 14:21:52 +0000"
    },
    "done": true
  },
  "biomesoplenty:recipes/transportation/mahogany_chest_boat": {
    "criteria": {
      "has_boat": "2024-10-13 14:21:52 +0000"
    },
    "done": true
  },
  "aether:recipes/transportation/skyroot_chest_boat": {
    "criteria": {
      "has_boat": "2024-10-13 14:21:52 +0000"
    },
    "done": true
  },
  "biomesoplenty:recipes/transportation/umbran_chest_boat": {
    "criteria": {
      "has_boat": "2024-10-13 14:21:52 +0000"
    },
    "done": true
  },
  "biomesoplenty:recipes/transportation/willow_chest_boat": {
    "criteria": {
      "has_boat": "2024-10-13 14:21:52 +0000"
    },
    "done": true
  },
  "minecraft:recipes/building_blocks/prismarine": {
    "criteria": {
      "has_prismarine_shard": "2024-10-13 14:25:11 +0000"
    },
    "done": true
  },
  "minecraft:recipes/misc/gold_ingot_from_nuggets": {
    "criteria": {
      "has_gold_nugget": "2024-10-13 14:25:11 +0000"
    },
    "done": true
  },
  "minecraft:recipes/building_blocks/emerald_block": {
    "criteria": {
      "has_emerald": "2024-10-13 14:25:11 +0000"
    },
    "done": true
  },
  "minecraft:recipes/brewing/golden_carrot": {
    "criteria": {
      "has_gold_nugget": "2024-10-13 14:25:11 +0000"
    },
    "done": true
  },
  "minecraft:recipes/building_blocks/prismarine_bricks": {
    "criteria": {
      "has_prismarine_shard": "2024-10-13 14:25:11 +0000"
    },
    "done": true
  },
  "travelersbackpack:recipes/misc/emerald": {
    "criteria": {
      "has_emerald": "2024-10-13 14:25:11 +0000"
    },
    "done": true
  },
  "minecraft:recipes/building_blocks/dark_prismarine": {
    "criteria": {
      "has_prismarine_shard": "2024-10-13 14:25:11 +0000"
    },
    "done": true
  },
  "mythicmounts:summoning_staff": {
    "criteria": {
      "has_pearl": "2024-10-13 14:25:13 +0000"
    },
    "done": true
  },
  "travelersbackpack:recipes/misc/enderman": {
    "criteria": {
      "has_ender_pearl": "2024-10-13 14:25:13 +0000"
    },
    "done": true
  },
  "minecraft:recipes/misc/paper": {
    "criteria": {
      "has_reeds": "2024-10-13 14:32:33 +0000"
    },
    "done": true
  },
  "minecraft:recipes/misc/sugar_from_sugar_cane": {
    "criteria": {
      "has_sugar_cane": "2024-10-13 14:32:33 +0000"
    },
    "done": true
  },
  "minecraft:adventure/sleep_in_bed": {
    "criteria": {
      "slept_in_bed": "2024-10-13 14:35:26 +0000"
    },
    "done": true
  },
  "minecraft:recipes/building_blocks/coal_block": {
    "criteria": {
      "has_coal": "2024-10-13 14:35:34 +0000"
    },
    "done": true
  },
  "minecraft:recipes/building_blocks/jungle_wood": {
    "criteria": {
      "has_log": "2024-10-13 14:37:36 +0000"
    },
    "done": true
  },
  "minecraft:recipes/building_blocks/jungle_planks": {
    "criteria": {
      "has_logs": "2024-10-13 14:37:36 +0000"
    },
    "done": true
  },
  "minecraft:recipes/building_blocks/glass": {
    "criteria": {
      "has_smelts_to_glass": "2024-10-13 14:38:06 +0000"
    },
    "done": true
  },
  "biomesoplenty:recipes/building_blocks/black_sandstone": {
    "criteria": {
      "has_black_sand": "2024-10-13 14:38:06 +0000"
    },
    "done": true
  },
  "minecraft:recipes/misc/melon_seeds": {
    "criteria": {
      "has_melon": "2024-10-13 14:38:32 +0000"
    },
    "done": true
  },
  "minecraft:recipes/brewing/glistering_melon_slice": {
    "criteria": {
      "has_melon": "2024-10-13 14:38:32 +0000"
    },
    "done": true
  },
  "travelersbackpack:recipes/misc/melon": {
    "criteria": {
      "has_melon_slice": "2024-10-13 14:38:32 +0000"
    },
    "done": true
  },
  "minecraft:recipes/building_blocks/melon": {
    "criteria": {
      "has_melon": "2024-10-13 14:38:32 +0000"
    },
    "done": true
  },
  "minecraft:recipes/decorations/jungle_hanging_sign": {
    "criteria": {
      "has_stripped_logs": "2024-10-13 14:41:49 +0000"
    },
    "done": true
  },
  "minecraft:recipes/building_blocks/stripped_jungle_wood": {
    "criteria": {
      "has_log": "2024-10-13 14:41:49 +0000"
    },
    "done": true
  },
  "minecraft:recipes/redstone/dark_oak_fence_gate": {
    "criteria": {
      "has_planks": "2024-10-13 14:42:38 +0000"
    },
    "done": true
  },
  "minecraft:recipes/redstone/dark_oak_trapdoor": {
    "criteria": {
      "has_planks": "2024-10-13 14:42:38 +0000"
    },
    "done": true
  },
  "minecraft:recipes/redstone/dark_oak_button": {
    "criteria": {
      "has_planks": "2024-10-13 14:42:38 +0000"
    },
    "done": true
  },
  "minecraft:recipes/building_blocks/dark_oak_stairs": {
    "criteria": {
      "has_planks": "2024-10-13 14:42:38 +0000"
    },
    "done": true
  },
  "minecraft:recipes/redstone/dark_oak_pressure_plate": {
    "criteria": {
      "has_planks": "2024-10-13 14:42:38 +0000"
    },
    "done": true
  },
  "minecraft:recipes/decorations/dark_oak_fence": {
    "criteria": {
      "has_planks": "2024-10-13 14:42:38 +0000"
    },
    "done": true
  },
  "minecraft:recipes/building_blocks/dark_oak_slab": {
    "criteria": {
      "has_planks": "2024-10-13 14:42:38 +0000"
    },
    "done": true
  },
  "minecraft:recipes/redstone/dark_oak_door": {
    "criteria": {
      "has_planks": "2024-10-13 14:42:38 +0000"
    },
    "done": true
  },
  "minecraft:recipes/decorations/dark_oak_sign": {
    "criteria": {
      "has_planks": "2024-10-13 14:42:38 +0000"
    },
    "done": true
  },
  "betterdungeons:all_dungeons": {
    "criteria": {
      "in_better_spider_dungeon": "2024-10-13 14:44:21 +0000"
    },
    "done": false
  },
  "betterdungeons:spider_dungeon": {
    "criteria": {
      "in_better_spider_dungeon": "2024-10-13 14:44:21 +0000"
    },
    "done": true
  },
  "minecraft:story/obtain_armor": {
    "criteria": {
      "iron_chestplate": "2024-10-13 14:45:59 +0000"
    },
    "done": true
  },
  "aether:recipes/combat/iron_chestplate_repairing": {
    "criteria": {
      "has_iron_chestplate": "2024-10-13 14:45:59 +0000"
    },
    "done": true
  },
  "minecraft:recipes/brewing/fermented_spider_eye": {
    "criteria": {
      "has_spider_eye": "2024-10-13 14:47:14 +0000"
    },
    "done": true
  },
  "aether:recipes/decorations/skyroot_bed": {
    "criteria": {
      "has_wool": "2024-10-13 14:47:30 +0000"
    },
    "done": true
  },
  "spartanweaponry:recipes/cestus": {
    "criteria": {
      "has_wool": "2024-10-13 14:47:30 +0000"
    },
    "done": true
  },
  "minecraft:recipes/decorations/painting": {
    "criteria": {
      "has_wool": "2024-10-13 14:47:30 +0000"
    },
    "done": true
  },
  "travelersbackpack:recipes/decorations/white_sleeping_bag": {
    "criteria": {
      "has_white_wool": "2024-10-13 14:47:30 +0000"
    },
    "done": true
  },
  "minecraft:recipes/decorations/white_carpet": {
    "criteria": {
      "has_white_wool": "2024-10-13 14:47:30 +0000"
    },
    "done": true
  },
  "travelersbackpack:recipes/misc/sheep": {
    "criteria": {
      "has_white_wool": "2024-10-13 14:47:30 +0000"
    },
    "done": true
  },
  "minecraft:recipes/decorations/white_banner": {
    "criteria": {
      "has_white_wool": "2024-10-13 14:47:30 +0000"
    },
    "done": true
  },
  "aether:recipes/combat/white_cape": {
    "criteria": {
      "has_white_wool": "2024-10-13 14:47:30 +0000"
    },
    "done": true
  },
  "minecraft:recipes/decorations/white_bed": {
    "criteria": {
      "has_white_wool": "2024-10-13 14:47:30 +0000"
    },
    "done": true
  },
  "minecraft:recipes/decorations/glow_item_frame": {
    "criteria": {
      "has_glow_ink_sac": "2024-10-13 14:52:46 +0000"
    },
    "done": true
  },
  "minecraft:recipes/building_blocks/polished_deepslate": {
    "criteria": {
      "has_cobbled_deepslate": "2024-10-13 14:54:18 +0000"
    },
    "done": true
  },
  "minecraft:recipes/building_blocks/deepslate_tile_stairs_from_cobbled_deepslate_stonecutting": {
    "criteria": {
      "has_cobbled_deepslate": "2024-10-13 14:54:18 +0000"
    },
    "done": true
  },
  "minecraft:recipes/building_blocks/deepslate_brick_stairs_from_cobbled_deepslate_stonecutting": {
    "criteria": {
      "has_cobbled_deepslate": "2024-10-13 14:54:18 +0000"
    },
    "done": true
  },
  "minecraft:recipes/building_blocks/chiseled_deepslate_from_cobbled_deepslate_stonecutting": {
    "criteria": {
      "has_cobbled_deepslate": "2024-10-13 14:54:18 +0000"
    },
    "done": true
  },
  "minecraft:recipes/building_blocks/cobbled_deepslate_slab": {
    "criteria": {
      "has_cobbled_deepslate": "2024-10-13 14:54:18 +0000"
    },
    "done": true
  },
  "minecraft:recipes/decorations/cobbled_deepslate_wall_from_cobbled_deepslate_stonecutting": {
    "criteria": {
      "has_cobbled_deepslate": "2024-10-13 14:54:18 +0000"
    },
    "done": true
  },
  "minecraft:recipes/decorations/cobbled_deepslate_wall": {
    "criteria": {
      "has_cobbled_deepslate": "2024-10-13 14:54:18 +0000"
    },
    "done": true
  },
  "minecraft:recipes/decorations/polished_deepslate_wall_from_cobbled_deepslate_stonecutting": {
    "criteria": {
      "has_cobbled_deepslate": "2024-10-13 14:54:18 +0000"
    },
    "done": true
  },
  "minecraft:recipes/building_blocks/cobbled_deepslate_stairs_from_cobbled_deepslate_stonecutting": {
    "criteria": {
      "has_cobbled_deepslate": "2024-10-13 14:54:18 +0000"
    },
    "done": true
  },
  "minecraft:recipes/building_blocks/deepslate": {
    "criteria": {
      "has_cobbled_deepslate": "2024-10-13 14:54:18 +0000"
    },
    "done": true
  },
  "minecraft:recipes/building_blocks/polished_deepslate_stairs_from_cobbled_deepslate_stonecutting": {
    "criteria": {
      "has_cobbled_deepslate": "2024-10-13 14:54:18 +0000"
    },
    "done": true
  },
  "minecraft:recipes/decorations/deepslate_brick_wall_from_cobbled_deepslate_stonecutting": {
    "criteria": {
      "has_cobbled_deepslate": "2024-10-13 14:54:18 +0000"
    },
    "done": true
  },
  "minecraft:recipes/building_blocks/polished_deepslate_from_cobbled_deepslate_stonecutting": {
    "criteria": {
      "has_cobbled_deepslate": "2024-10-13 14:54:18 +0000"
    },
    "done": true
  },
  "minecraft:recipes/building_blocks/polished_deepslate_slab_from_cobbled_deepslate_stonecutting": {
    "criteria": {
      "has_cobbled_deepslate": "2024-10-13 14:54:18 +0000"
    },
    "done": true
  },
  "minecraft:recipes/building_blocks/deepslate_brick_slab_from_cobbled_deepslate_stonecutting": {
    "criteria": {
      "has_cobbled_deepslate": "2024-10-13 14:54:18 +0000"
    },
    "done": true
  },
  "minecraft:recipes/building_blocks/cobbled_deepslate_slab_from_cobbled_deepslate_stonecutting": {
    "criteria": {
      "has_cobbled_deepslate": "2024-10-13 14:54:18 +0000"
    },
    "done": true
  },
  "minecraft:recipes/building_blocks/deepslate_tile_slab_from_cobbled_deepslate_stonecutting": {
    "criteria": {
      "has_cobbled_deepslate": "2024-10-13 14:54:18 +0000"
    },
    "done": true
  },
  "minecraft:recipes/building_blocks/cobbled_deepslate_stairs": {
    "criteria": {
      "has_cobbled_deepslate": "2024-10-13 14:54:18 +0000"
    },
    "done": true
  },
  "minecraft:recipes/decorations/deepslate_tile_wall_from_cobbled_deepslate_stonecutting": {
    "criteria": {
      "has_cobbled_deepslate": "2024-10-13 14:54:18 +0000"
    },
    "done": true
  },
  "minecraft:recipes/building_blocks/deepslate_bricks_from_cobbled_deepslate_stonecutting": {
    "criteria": {
      "has_cobbled_deepslate": "2024-10-13 14:54:18 +0000"
    },
    "done": true
  },
  "minecraft:recipes/building_blocks/deepslate_tiles_from_cobbled_deepslate_stonecutting": {
    "criteria": {
      "has_cobbled_deepslate": "2024-10-13 14:54:18 +0000"
    },
    "done": true
  },
  "dungeons_arise:find_undead_pirate_ship": {
    "criteria": {
      "location0": "2024-10-13 15:04:10 +0000"
    },
    "done": true
  },
  "twilightforest:recipes/decorations/wood/dark_oak_banister": {
    "criteria": {
      "has_item": "2024-10-13 15:04:56 +0000"
    },
    "done": true
  },
  "aether:recipes/decorations/skyroot_barrel": {
    "criteria": {
      "has_slabs": "2024-10-13 15:04:56 +0000"
    },
    "done": true
  },
  "minecraft:recipes/decorations/composter": {
    "criteria": {
      "has_wood_slab": "2024-10-13 15:04:56 +0000"
    },
    "done": true
  },
  "minecraft:recipes/decorations/spruce_sign": {
    "criteria": {
      "has_planks": "2024-10-13 15:08:19 +0000"
    },
    "done": true
  },
  "minecraft:recipes/decorations/spruce_fence": {
    "criteria": {
      "has_planks": "2024-10-13 15:08:19 +0000"
    },
    "done": true
  },
  "minecraft:recipes/building_blocks/spruce_slab": {
    "criteria": {
      "has_planks": "2024-10-13 15:08:19 +0000"
    },
    "done": true
  },
  "minecraft:recipes/redstone/spruce_button": {
    "criteria": {
      "has_planks": "2024-10-13 15:08:19 +0000"
    },
    "done": true
  },
  "minecraft:recipes/redstone/spruce_pressure_plate": {
    "criteria": {
      "has_planks": "2024-10-13 15:08:19 +0000"
    },
    "done": true
  },
  "minecraft:recipes/redstone/spruce_trapdoor": {
    "criteria": {
      "has_planks": "2024-10-13 15:08:19 +0000"
    },
    "done": true
  },
  "minecraft:recipes/redstone/spruce_door": {
    "criteria": {
      "has_planks": "2024-10-13 15:08:19 +0000"
    },
    "done": true
  },
  "minecraft:recipes/redstone/spruce_fence_gate": {
    "criteria": {
      "has_planks": "2024-10-13 15:08:19 +0000"
    },
    "done": true
  },
  "minecraft:recipes/building_blocks/spruce_stairs": {
    "criteria": {
      "has_planks": "2024-10-13 15:08:19 +0000"
    },
    "done": true
  },
  "minecraft:story/deflect_arrow": {
    "criteria": {
      "deflected_projectile": "2024-10-13 15:10:58 +0000"
    },
    "done": true
  },
  "spartanweaponry:collect_heads": {
    "criteria": {
      "skeleton_skull": "2024-10-13 15:11:59 +0000"
    },
    "done": false
  },
  "aether:recipes/combat/iron_boots_repairing": {
    "criteria": {
      "has_iron_boots": "2024-10-13 15:13:36 +0000"
    },
    "done": true
  },
  "aether:recipes/misc/aether_iron_nugget_from_smelting": {
    "criteria": {
      "has_iron_gloves": "2024-10-13 15:15:46 +0000"
    },
    "done": true
  },
  "aether:recipes/misc/aether_iron_nugget_from_blasting": {
    "criteria": {
      "has_iron_gloves": "2024-10-13 15:15:46 +0000"
    },
    "done": true
  },
  "aether:recipes/combat/iron_gloves_repairing": {
    "criteria": {
      "has_iron_gloves": "2024-10-13 15:15:46 +0000"
    },
    "done": true
  },
  "aether:recipes/combat/chainmail_leggings_repairing": {
    "criteria": {
      "has_chainmail_leggings": "2024-10-13 15:24:13 +0000"
    },
    "done": true
  },
  "minecraft:recipes/redstone/trapped_chest": {
    "criteria": {
      "has_tripwire_hook": "2024-10-13 15:26:24 +0000"
    },
    "done": true
  },
  "minecraft:recipes/building_blocks/diorite": {
    "criteria": {
      "has_quartz": "2024-10-13 15:28:37 +0000"
    },
    "done": true
  },
  "minecraft:recipes/building_blocks/granite": {
    "criteria": {
      "has_quartz": "2024-10-13 15:28:37 +0000"
    },
    "done": true
  },
  "minecraft:recipes/building_blocks/quartz_block": {
    "criteria": {
      "has_quartz": "2024-10-13 15:28:37 +0000"
    },
    "done": true
  },
  "minecraft:recipes/redstone/daylight_detector": {
    "criteria": {
      "has_quartz": "2024-10-13 15:28:37 +0000"
    },
    "done": true
  },
  "minecraft:recipes/redstone/observer": {
    "criteria": {
      "has_quartz": "2024-10-13 15:28:37 +0000"
    },
    "done": true
  },
  "minecraft:recipes/redstone/comparator": {
    "criteria": {
      "has_quartz": "2024-10-13 15:28:37 +0000"
    },
    "done": true
  },
  "travelersbackpack:recipes/misc/quartz": {
    "criteria": {
      "has_quartz": "2024-10-13 15:28:37 +0000"
    },
    "done": true
  },
  "biomesoplenty:recipes/redstone/tnt_from_bop_sand": {
    "criteria": {
      "has_gunpowder": "2024-10-13 15:32:29 +0000"
    },
    "done": true
  },
  "travelersbackpack:recipes/misc/creeper": {
    "criteria": {
      "has_gunpowder": "2024-10-13 15:32:29 +0000"
    },
    "done": true
  },
  "spartanweaponry:recipes/explosive_charge": {
    "criteria": {
      "has_gunpowder": "2024-10-13 15:32:29 +0000"
    },
    "done": true
  },
  "minecraft:recipes/misc/firework_rocket_simple": {
    "criteria": {
      "has_gunpowder": "2024-10-13 15:32:29 +0000"
    },
    "done": true
  },
  "minecraft:recipes/redstone/tnt": {
    "criteria": {
      "has_gunpowder": "2024-10-13 15:32:29 +0000"
    },
    "done": true
  },
  "minecraft:recipes/decorations/fletching_table": {
    "criteria": {
      "has_flint": "2024-10-13 15:34:55 +0000"
    },
    "done": true
  },
  "minecraft:recipes/tools/flint_and_steel": {
    "criteria": {
      "has_flint": "2024-10-13 15:34:55 +0000"
    },
    "done": true
  },
  "aether:recipes/decorations/skyroot_fletching_table": {
    "criteria": {
      "has_flint": "2024-10-13 15:34:55 +0000"
    },
    "done": true
  },
  "minecraft:recipes/redstone/redstone_torch": {
    "criteria": {
      "has_redstone": "2024-10-13 15:43:31 +0000"
    },
    "done": true
  },
  "minecraft:recipes/tools/clock": {
    "criteria": {
      "has_redstone": "2024-10-13 15:43:31 +0000"
    },
    "done": true
  },
  "aether:recipes/redstone/skyroot_piston": {
    "criteria": {
      "has_redstone": "2024-10-13 15:43:31 +0000"
    },
    "done": true
  },
  "aether:recipes/redstone/skyroot_note_block": {
    "criteria": {
      "has_redstone": "2024-10-13 15:43:31 +0000"
    },
    "done": true
  },
  "minecraft:recipes/redstone/note_block": {
    "criteria": {
      "has_redstone": "2024-10-13 15:43:31 +0000"
    },
    "done": true
  },
  "minecraft:recipes/redstone/target": {
    "criteria": {
      "has_redstone": "2024-10-13 15:43:31 +0000"
    },
    "done": true
  },
  "minecraft:recipes/tools/compass": {
    "criteria": {
      "has_redstone": "2024-10-13 15:43:31 +0000"
    },
    "done": true
  },
  "travelersbackpack:recipes/misc/redstone": {
    "criteria": {
      "has_redstone": "2024-10-13 15:43:31 +0000"
    },
    "done": true
  },
  "minecraft:recipes/redstone/dropper": {
    "criteria": {
      "has_redstone": "2024-10-13 15:43:31 +0000"
    },
    "done": true
  },
  "minecraft:recipes/redstone/redstone_block": {
    "criteria": {
      "has_redstone": "2024-10-13 15:43:31 +0000"
    },
    "done": true
  },
  "minecraft:recipes/redstone/piston": {
    "criteria": {
      "has_redstone": "2024-10-13 15:43:31 +0000"
    },
    "done": true
  },
  "minecraft:recipes/food/cooked_porkchop_from_campfire_cooking": {
    "criteria": {
      "has_porkchop": "2024-10-13 15:43:52 +0000"
    },
    "done": true
  },
  "minecraft:recipes/food/cooked_porkchop": {
    "criteria": {
      "has_porkchop": "2024-10-13 15:43:52 +0000"
    },
    "done": true
  },
  "minecraft:recipes/food/cooked_porkchop_from_smoking": {
    "criteria": {
      "has_porkchop": "2024-10-13 15:43:52 +0000"
    },
    "done": true
  },
  "travelersbackpack:recipes/misc/pig": {
    "criteria": {
      "has_porkchop": "2024-10-13 15:43:52 +0000"
    },
    "done": true
  },
  "minecraft:recipes/building_blocks/spruce_planks": {
    "criteria": {
      "has_logs": "2024-10-13 15:46:57 +0000"
    },
    "done": true
  },
  "aether:recipes/tools/stone_hoe_repairing": {
    "criteria": {
      "has_stone_hoe": "2024-10-13 15:56:02 +0000"
    },
    "done": true
  },
  "minecraft:husbandry/plant_seed": {
    "criteria": {
      "wheat": "2024-10-13 15:56:08 +0000"
    },
    "done": true
  },
  "aether:recipes/tools/iron_axe_repairing": {
    "criteria": {
      "has_iron_axe": "2024-10-13 16:05:42 +0000"
    },
    "done": true
  },
  "biomesoplenty:recipes/building_blocks/willow_planks": {
    "criteria": {
      "has_logs": "2024-10-13 16:06:01 +0000"
    },
    "done": true
  },
  "biomesoplenty:recipes/building_blocks/willow_wood": {
    "criteria": {
      "has_log": "2024-10-13 16:06:01 +0000"
    },
    "done": true
  },
  "nova_structures:adventure/find_all_illager_structures": {
    "criteria": {
      "swamp_hut": "2024-10-13 16:12:22 +0000",
      "illager_camp": "2024-10-13 16:20:33 +0000"
    },
    "done": false
  },
  "nova_structures:root": {
    "criteria": {
      "nova_structures:adventure/find_tavern": "2024-10-13 16:12:45 +0000"
    },
    "done": true
  },
  "nova_structures:adventure/find_tavern": {
    "criteria": {
      "nova_structures:tavern_swamp": "2024-10-13 16:12:45 +0000"
    },
    "done": true
  },
  "biomesoplenty:recipes/redstone/willow_pressure_plate": {
    "criteria": {
      "has_planks": "2024-10-13 16:21:12 +0000"
    },
    "done": true
  },
  "biomesoplenty:recipes/redstone/willow_fence_gate": {
    "criteria": {
      "has_planks": "2024-10-13 16:21:12 +0000"
    },
    "done": true
  },
  "biomesoplenty:recipes/redstone/willow_door": {
    "criteria": {
      "has_planks": "2024-10-13 16:21:12 +0000"
    },
    "done": true
  },
  "biomesoplenty:recipes/decorations/willow_sign": {
    "criteria": {
      "has_planks": "2024-10-13 16:21:12 +0000"
    },
    "done": true
  },
  "biomesoplenty:recipes/decorations/willow_fence": {
    "criteria": {
      "has_planks": "2024-10-13 16:21:12 +0000"
    },
    "done": true
  },
  "biomesoplenty:recipes/redstone/willow_trapdoor": {
    "criteria": {
      "has_planks": "2024-10-13 16:21:12 +0000"
    },
    "done": true
  },
  "biomesoplenty:recipes/building_blocks/willow_stairs": {
    "criteria": {
      "has_planks": "2024-10-13 16:21:12 +0000"
    },
    "done": true
  },
  "biomesoplenty:recipes/building_blocks/willow_slab": {
    "criteria": {
      "has_planks": "2024-10-13 16:21:12 +0000"
    },
    "done": true
  },
  "biomesoplenty:recipes/redstone/willow_button": {
    "criteria": {
      "has_planks": "2024-10-13 16:21:12 +0000"
    },
    "done": true
  },
  "minecraft:husbandry/tame_an_animal": {
    "criteria": {
      "tamed_animal": "2024-10-13 16:24:04 +0000"
    },
    "done": true
  },
  "dungeons_arise:find_small_blimp": {
    "criteria": {
      "location0": "2024-10-13 16:25:20 +0000"
    },
    "done": true
  },
  "twilightforest:recipes/decorations/iron_ladder": {
    "criteria": {
      "has_iron_bars": "2024-10-13 16:31:57 +0000"
    },
    "done": true
  },
  "aether:recipes/combat/bow_repairing": {
    "criteria": {
      "has_bow": "2024-10-13 16:34:54 +0000"
    },
    "done": true
  },
  "spartanweaponry:recipes/netherite_arrow": {
    "criteria": {
      "has_bow": "2024-10-13 16:34:54 +0000"
    },
    "done": true
  },
  "minecraft:recipes/redstone/dispenser": {
    "criteria": {
      "has_bow": "2024-10-13 16:34:54 +0000"
    },
    "done": true
  },
  "minecraft:story/iron_tools": {
    "criteria": {
      "iron_pickaxe": "2024-10-13 16:35:32 +0000"
    },
    "done": true
  },
  "aether:recipes/tools/iron_pickaxe_repairing": {
    "criteria": {
      "has_iron_pickaxe": "2024-10-13 16:35:32 +0000"
    },
    "done": true
  },
  "aether:recipes/combat/chainmail_boots_repairing": {
    "criteria": {
      "has_chainmail_boots": "2024-10-13 16:41:59 +0000"
    },
    "done": true
  },
  "minecraft:recipes/combat/diamond_leggings": {
    "criteria": {
      "has_diamond": "2024-10-13 16:44:13 +0000"
    },
    "done": true
  },
  "spartanweaponry:recipes/diamond_spear": {
    "criteria": {
      "has_diamond": "2024-10-13 16:44:13 +0000"
    },
    "done": true
  },
  "spartanweaponry:recipes/diamond_katana": {
    "criteria": {
      "has_diamond": "2024-10-13 16:44:13 +0000"
    },
    "done": true
  },
  "spartanweaponry:recipes/diamond_parrying_dagger": {
    "criteria": {
      "has_diamond": "2024-10-13 16:44:13 +0000"
    },
    "done": true
  },
  "spartanweaponry:recipes/diamond_quarterstaff": {
    "criteria": {
      "has_diamond": "2024-10-13 16:44:13 +0000"
    },
    "done": true
  },
  "spartanweaponry:recipes/huge_quiver_brace": {
    "criteria": {
      "has_diamond": "2024-10-13 16:44:13 +0000"
    },
    "done": true
  },
  "minecraft:recipes/combat/diamond_sword": {
    "criteria": {
      "has_diamond": "2024-10-13 16:44:13 +0000"
    },
    "done": true
  },
  "minecraft:recipes/decorations/jukebox": {
    "criteria": {
      "has_diamond": "2024-10-13 16:44:13 +0000"
    },
    "done": true
  },
  "minecraft:recipes/combat/diamond_chestplate": {
    "criteria": {
      "has_diamond": "2024-10-13 16:44:13 +0000"
    },
    "done": true
  },
  "aether:recipes/decorations/skyroot_jukebox": {
    "criteria": {
      "has_diamond": "2024-10-13 16:44:13 +0000"
    },
    "done": true
  },
  "spartanweaponry:recipes/diamond_saber": {
    "criteria": {
      "has_diamond": "2024-10-13 16:44:13 +0000"
    },
    "done": true
  },
  "spartanweaponry:recipes/large_quiver_brace": {
    "criteria": {
      "has_diamond": "2024-10-13 16:44:13 +0000"
    },
    "done": true
  },
  "spartanweaponry:recipes/diamond_tomahawk": {
    "criteria": {
      "has_diamond": "2024-10-13 16:44:13 +0000"
    },
    "done": true
  },
  "spartanweaponry:recipes/diamond_warhammer": {
    "criteria": {
      "has_diamond": "2024-10-13 16:44:13 +0000"
    },
    "done": true
  },
  "spartanweaponry:recipes/diamond_javelin": {
    "criteria": {
      "has_diamond": "2024-10-13 16:44:13 +0000"
    },
    "done": true
  },
  "spartanweaponry:recipes/diamond_battleaxe": {
    "criteria": {
      "has_diamond": "2024-10-13 16:44:13 +0000"
    },
    "done": true
  },
  "spartanweaponry:recipes/diamond_boomerang": {
    "criteria": {
      "has_diamond": "2024-10-13 16:44:13 +0000"
    },
    "done": true
  },
  "minecraft:recipes/tools/diamond_pickaxe": {
    "criteria": {
      "has_diamond": "2024-10-13 16:44:13 +0000"
    },
    "done": true
  },
  "spartanweaponry:recipes/diamond_scythe": {
    "criteria": {
      "has_diamond": "2024-10-13 16:44:13 +0000"
    },
    "done": true
  },
  "minecraft:recipes/tools/diamond_hoe": {
    "criteria": {
      "has_diamond": "2024-10-13 16:44:13 +0000"
    },
    "done": true
  },
  "minecraft:recipes/tools/diamond_shovel": {
    "criteria": {
      "has_diamond": "2024-10-13 16:44:13 +0000"
    },
    "done": true
  },
  "spartanweaponry:recipes/diamond_flanged_mace": {
    "criteria": {
      "has_diamond": "2024-10-13 16:44:13 +0000"
    },
    "done": true
  },
  "minecraft:recipes/combat/diamond_boots": {
    "criteria": {
      "has_diamond": "2024-10-13 16:44:13 +0000"
    },
    "done": true
  },
  "spartanweaponry:recipes/diamond_pike": {
    "criteria": {
      "has_diamond": "2024-10-13 16:44:13 +0000"
    },
    "done": true
  },
  "travelersbackpack:recipes/misc/diamond_tier_upgrade": {
    "criteria": {
      "has_diamond": "2024-10-13 16:44:13 +0000"
    },
    "done": true
  },
  "spartanweaponry:recipes/diamond_halberd": {
    "criteria": {
      "has_diamond": "2024-10-13 16:44:13 +0000"
    },
    "done": true
  },
  "spartanweaponry:recipes/diamond_heavy_crossbow": {
    "criteria": {
      "has_diamond": "2024-10-13 16:44:13 +0000"
    },
    "done": true
  },
  "spartanweaponry:recipes/diamond_longbow": {
    "criteria": {
      "has_diamond": "2024-10-13 16:44:13 +0000"
    },
    "done": true
  },
  "minecraft:recipes/combat/diamond_helmet": {
    "criteria": {
      "has_diamond": "2024-10-13 16:44:13 +0000"
    },
    "done": true
  },
  "spartanweaponry:recipes/diamond_greatsword": {
    "criteria": {
      "has_diamond": "2024-10-13 16:44:13 +0000"
    },
    "done": true
  },
  "spartanweaponry:recipes/diamond_lance": {
    "criteria": {
      "has_diamond": "2024-10-13 16:44:13 +0000"
    },
    "done": true
  },
  "spartanweaponry:recipes/diamond_longsword": {
    "criteria": {
      "has_diamond": "2024-10-13 16:44:13 +0000"
    },
    "done": true
  },
  "aether:recipes/combat/diamond_gloves": {
    "criteria": {
      "has_diamond": "2024-10-13 16:44:13 +0000"
    },
    "done": true
  },
  "travelersbackpack:recipes/misc/diamond": {
    "criteria": {
      "has_diamond": "2024-10-13 16:44:13 +0000"
    },
    "done": true
  },
  "spartanweaponry:recipes/diamond_rapier": {
    "criteria": {
      "has_diamond": "2024-10-13 16:44:13 +0000"
    },
    "done": true
  },
  "minecraft:recipes/building_blocks/diamond_block": {
    "criteria": {
      "has_diamond": "2024-10-13 16:44:13 +0000"
    },
    "done": true
  },
  "spartanweaponry:recipes/diamond_battle_hammer": {
    "criteria": {
      "has_diamond": "2024-10-13 16:44:13 +0000"
    },
    "done": true
  },
  "spartanweaponry:recipes/diamond_throwing_knife": {
    "criteria": {
      "has_diamond": "2024-10-13 16:44:13 +0000"
    },
    "done": true
  },
  "spartanweaponry:recipes/diamond_dagger": {
    "criteria": {
      "has_diamond": "2024-10-13 16:44:13 +0000"
    },
    "done": true
  },
  "minecraft:story/mine_diamond": {
    "criteria": {
      "diamond": "2024-10-13 16:44:13 +0000"
    },
    "done": true
  },
  "minecraft:recipes/tools/diamond_axe": {
    "criteria": {
      "has_diamond": "2024-10-13 16:44:13 +0000"
    },
    "done": true
  },
  "spartanweaponry:recipes/diamond_glaive": {
    "criteria": {
      "has_diamond": "2024-10-13 16:44:13 +0000"
    },
    "done": true
  },
  "aether:recipes/tools/diamond_shovel_repairing": {
    "criteria": {
      "has_diamond_shovel": "2024-10-13 16:44:26 +0000"
    },
    "done": true
  },
  "spartanweaponry:recipes/golden_rapier": {
    "criteria": {
      "has_gold_ingot": "2024-10-13 16:44:57 +0000"
    },
    "done": true
  },
  "spartanweaponry:recipes/golden_halberd": {
    "criteria": {
      "has_gold_ingot": "2024-10-13 16:44:57 +0000"
    },
    "done": true
  },
  "spartanweaponry:recipes/golden_dagger": {
    "criteria": {
      "has_gold_ingot": "2024-10-13 16:44:57 +0000"
    },
    "done": true
  },
  "spartanweaponry:recipes/golden_spear": {
    "criteria": {
      "has_gold_ingot": "2024-10-13 16:44:57 +0000"
    },
    "done": true
  },
  "minecraft:recipes/tools/golden_axe": {
    "criteria": {
      "has_gold_ingot": "2024-10-13 16:44:57 +0000"
    },
    "done": true
  },
  "minecraft:recipes/tools/golden_pickaxe": {
    "criteria": {
      "has_gold_ingot": "2024-10-13 16:44:57 +0000"
    },
    "done": true
  },
  "spartanweaponry:recipes/golden_battleaxe": {
    "criteria": {
      "has_gold_ingot": "2024-10-13 16:44:57 +0000"
    },
    "done": true
  },
  "minecraft:recipes/misc/gold_nugget": {
    "criteria": {
      "has_gold_ingot": "2024-10-13 16:44:57 +0000"
    },
    "done": true
  },
  "minecraft:recipes/tools/golden_shovel": {
    "criteria": {
      "has_gold_ingot": "2024-10-13 16:44:57 +0000"
    },
    "done": true
  },
  "minecraft:recipes/food/golden_apple": {
    "criteria": {
      "has_gold_ingot": "2024-10-13 16:44:57 +0000"
    },
    "done": true
  },
  "minecraft:recipes/combat/golden_boots": {
    "criteria": {
      "has_gold_ingot": "2024-10-13 16:44:57 +0000"
    },
    "done": true
  },
  "spartanweaponry:recipes/golden_throwing_knife": {
    "criteria": {
      "has_gold_ingot": "2024-10-13 16:44:57 +0000"
    },
    "done": true
  },
  "spartanweaponry:recipes/golden_lance": {
    "criteria": {
      "has_gold_ingot": "2024-10-13 16:44:57 +0000"
    },
    "done": true
  },
  "minecraft:recipes/combat/golden_helmet": {
    "criteria": {
      "has_gold_ingot": "2024-10-13 16:44:57 +0000"
    },
    "done": true
  },
  "spartanweaponry:recipes/golden_saber": {
    "criteria": {
      "has_gold_ingot": "2024-10-13 16:44:57 +0000"
    },
    "done": true
  },
  "spartanweaponry:recipes/golden_battle_hammer": {
    "criteria": {
      "has_gold_ingot": "2024-10-13 16:44:57 +0000"
    },
    "done": true
  },
  "minecraft:recipes/combat/golden_chestplate": {
    "criteria": {
      "has_gold_ingot": "2024-10-13 16:44:57 +0000"
    },
    "done": true
  },
  "spartanweaponry:recipes/golden_greatsword": {
    "criteria": {
      "has_gold_ingot": "2024-10-13 16:44:57 +0000"
    },
    "done": true
  },
  "travelersbackpack:recipes/misc/gold": {
    "criteria": {
      "has_gold_ingot": "2024-10-13 16:44:57 +0000"
    },
    "done": true
  },
  "spartanweaponry:recipes/golden_quarterstaff": {
    "criteria": {
      "has_gold_ingot": "2024-10-13 16:44:57 +0000"
    },
    "done": true
  },
  "spartanweaponry:recipes/golden_pike": {
    "criteria": {
      "has_gold_ingot": "2024-10-13 16:44:57 +0000"
    },
    "done": true
  },
  "spartanweaponry:recipes/golden_javelin": {
    "criteria": {
      "has_gold_ingot": "2024-10-13 16:44:57 +0000"
    },
    "done": true
  },
  "minecraft:recipes/redstone/light_weighted_pressure_plate": {
    "criteria": {
      "has_gold_ingot": "2024-10-13 16:44:57 +0000"
    },
    "done": true
  },
  "spartanweaponry:recipes/golden_parrying_dagger": {
    "criteria": {
      "has_gold_ingot": "2024-10-13 16:44:57 +0000"
    },
    "done": true
  },
  "spartanweaponry:recipes/golden_boomerang": {
    "criteria": {
      "has_gold_ingot": "2024-10-13 16:44:57 +0000"
    },
    "done": true
  },
  "aether:recipes/combat/golden_ring": {
    "criteria": {
      "has_gold_ingot": "2024-10-13 16:44:57 +0000"
    },
    "done": true
  },
  "spartanweaponry:recipes/golden_longsword": {
    "criteria": {
      "has_gold_ingot": "2024-10-13 16:44:57 +0000"
    },
    "done": true
  },
  "spartanweaponry:recipes/golden_scythe": {
    "criteria": {
      "has_gold_ingot": "2024-10-13 16:44:57 +0000"
    },
    "done": true
  },
  "spartanweaponry:recipes/golden_glaive": {
    "criteria": {
      "has_gold_ingot": "2024-10-13 16:44:57 +0000"
    },
    "done": true
  },
  "spartanweaponry:recipes/medium_quiver_brace": {
    "criteria": {
      "has_gold_ingot": "2024-10-13 16:44:57 +0000"
    },
    "done": true
  },
  "aether:recipes/combat/golden_gloves": {
    "criteria": {
      "has_gold": "2024-10-13 16:44:57 +0000"
    },
    "done": true
  },
  "spartanweaponry:recipes/golden_katana": {
    "criteria": {
      "has_gold_ingot": "2024-10-13 16:44:57 +0000"
    },
    "done": true
  },
  "minecraft:recipes/combat/golden_sword": {
    "criteria": {
      "has_gold_ingot": "2024-10-13 16:44:57 +0000"
    },
    "done": true
  },
  "minecraft:recipes/building_blocks/gold_block": {
    "criteria": {
      "has_gold_ingot": "2024-10-13 16:44:57 +0000"
    },
    "done": true
  },
  "spartanweaponry:recipes/golden_warhammer": {
    "criteria": {
      "has_gold_ingot": "2024-10-13 16:44:57 +0000"
    },
    "done": true
  },
  "spartanweaponry:recipes/golden_longbow": {
    "criteria": {
      "has_gold_ingot": "2024-10-13 16:44:57 +0000"
    },
    "done": true
  },
  "spartanweaponry:recipes/golden_tomahawk": {
    "criteria": {
      "has_gold_ingot": "2024-10-13 16:44:57 +0000"
    },
    "done": true
  },
  "travelersbackpack:recipes/misc/gold_tier_upgrade": {
    "criteria": {
      "has_gold_ingot": "2024-10-13 16:44:57 +0000"
    },
    "done": true
  },
  "minecraft:recipes/tools/golden_hoe": {
    "criteria": {
      "has_gold_ingot": "2024-10-13 16:44:57 +0000"
    },
    "done": true
  },
  "spartanweaponry:recipes/golden_flanged_mace": {
    "criteria": {
      "has_gold_ingot": "2024-10-13 16:44:57 +0000"
    },
    "done": true
  },
  "aether:recipes/combat/golden_pendant": {
    "criteria": {
      "has_gold_ingot": "2024-10-13 16:44:57 +0000"
    },
    "done": true
  },
  "spartanweaponry:recipes/golden_heavy_crossbow": {
    "criteria": {
      "has_gold_ingot": "2024-10-13 16:44:57 +0000"
    },
    "done": true
  },
  "minecraft:recipes/combat/golden_leggings": {
    "criteria": {
      "has_gold_ingot": "2024-10-13 16:44:57 +0000"
    },
    "done": true
  },
  "aether:recipes/combat/diamond_leggings_repairing": {
    "criteria": {
      "has_diamond_leggings": "2024-10-13 16:45:52 +0000"
    },
    "done": true
  },
  "minecraft:story/shiny_gear": {
    "criteria": {
      "diamond_leggings": "2024-10-13 16:45:52 +0000"
    },
    "done": true
  },
  "minecraft:recipes/building_blocks/nether_brick_stairs": {
    "criteria": {
      "has_nether_bricks": "2024-10-13 16:50:24 +0000"
    },
    "done": true
  },
  "minecraft:recipes/building_blocks/nether_brick_slab": {
    "criteria": {
      "has_nether_bricks": "2024-10-13 16:50:24 +0000"
    },
    "done": true
  },
  "minecraft:recipes/building_blocks/nether_brick_stairs_from_nether_bricks_stonecutting": {
    "criteria": {
      "has_nether_bricks": "2024-10-13 16:50:24 +0000"
    },
    "done": true
  },
  "minecraft:recipes/decorations/nether_brick_fence": {
    "criteria": {
      "has_nether_bricks": "2024-10-13 16:50:24 +0000"
    },
    "done": true
  },
  "minecraft:recipes/building_blocks/cracked_nether_bricks": {
    "criteria": {
      "has_nether_bricks": "2024-10-13 16:50:24 +0000"
    },
    "done": true
  },
  "minecraft:recipes/building_blocks/chiseled_nether_bricks_from_nether_bricks_stonecutting": {
    "criteria": {
      "has_nether_bricks": "2024-10-13 16:50:24 +0000"
    },
    "done": true
  },
  "minecraft:recipes/decorations/nether_brick_wall_from_nether_bricks_stonecutting": {
    "criteria": {
      "has_nether_bricks": "2024-10-13 16:50:24 +0000"
    },
    "done": true
  },
  "minecraft:recipes/building_blocks/nether_brick_slab_from_nether_bricks_stonecutting": {
    "criteria": {
      "has_nether_bricks": "2024-10-13 16:50:24 +0000"
    },
    "done": true
  },
  "minecraft:recipes/decorations/nether_brick_wall": {
    "criteria": {
      "has_nether_bricks": "2024-10-13 16:50:24 +0000"
    },
    "done": true
  },
  "aether:recipes/combat/diamond_chestplate_repairing": {
    "criteria": {
      "has_diamond_chestplate": "2024-10-13 16:57:05 +0000"
    },
    "done": true
  },
  "endrem:main/rogue_eye": {
    "criteria": {
      "rogue_eye": "2024-10-13 17:00:24 +0000"
    },
    "done": true
  },
  "endrem:main/root": {
    "criteria": {
      "rogue_eye": "2024-10-13 17:00:24 +0000"
    },
    "done": true
  },
  "aether:recipes/tools/diamond_pickaxe_repairing": {
    "criteria": {
      "has_diamond_pickaxe": "2024-10-13 17:03:39 +0000"
    },
    "done": true
  },
  "travelersbackpack:recipes/misc/standard": {
    "criteria": {
      "has_chest": "2024-10-13 17:06:19 +0000"
    },
    "done": true
  },
  "travelersbackpack:recipes/misc/blank_upgrade": {
    "criteria": {
      "has_chest": "2024-10-13 17:06:19 +0000"
    },
    "done": true
  },
  "minecraft:recipes/combat/leather_helmet": {
    "criteria": {
      "has_leather": "2024-10-13 17:06:56 +0000"
    },
    "done": true
  },
  "spartanweaponry:recipes/leather_longbow": {
    "criteria": {
      "has_leather": "2024-10-13 17:06:56 +0000"
    },
    "done": true
  },
  "minecraft:recipes/combat/leather_leggings": {
    "criteria": {
      "has_leather": "2024-10-13 17:06:56 +0000"
    },
    "done": true
  },
  "minecraft:recipes/combat/leather_chestplate": {
    "criteria": {
      "has_leather": "2024-10-13 17:06:56 +0000"
    },
    "done": true
  },
  "aether:recipes/tools/aether_saddle": {
    "criteria": {
      "has_leather": "2024-10-13 17:06:56 +0000"
    },
    "done": true
  },
  "minecraft:recipes/misc/leather_horse_armor": {
    "criteria": {
      "has_leather": "2024-10-13 17:06:56 +0000"
    },
    "done": true
  },
  "travelersbackpack:recipes/misc/horse": {
    "criteria": {
      "has_leather": "2024-10-13 17:06:56 +0000"
    },
    "done": true
  },
  "spartanweaponry:recipes/leather_heavy_crossbow": {
    "criteria": {
      "has_leather": "2024-10-13 17:06:56 +0000"
    },
    "done": true
  },
  "spartanweaponry:recipes/quiver_compartment": {
    "criteria": {
      "has_leather": "2024-10-13 17:06:56 +0000"
    },
    "done": true
  },
  "minecraft:recipes/decorations/item_frame": {
    "criteria": {
      "has_leather": "2024-10-13 17:06:56 +0000"
    },
    "done": true
  },
  "minecraft:recipes/combat/leather_boots": {
    "criteria": {
      "has_leather": "2024-10-13 17:06:56 +0000"
    },
    "done": true
  },
  "aether:recipes/combat/leather_gloves": {
    "criteria": {
      "has_leather": "2024-10-13 17:06:56 +0000"
    },
    "done": true
  },
  "minecraft:recipes/building_blocks/light_gray_concrete_powder": {
    "criteria": {
      "has_sand": "2024-10-13 17:07:05 +0000"
    },
    "done": true
  },
  "minecraft:recipes/building_blocks/pink_concrete_powder": {
    "criteria": {
      "has_sand": "2024-10-13 17:07:05 +0000"
    },
    "done": true
  },
  "minecraft:recipes/building_blocks/red_concrete_powder": {
    "criteria": {
      "has_sand": "2024-10-13 17:07:05 +0000"
    },
    "done": true
  },
  "minecraft:recipes/building_blocks/brown_concrete_powder": {
    "criteria": {
      "has_sand": "2024-10-13 17:07:05 +0000"
    },
    "done": true
  },
  "minecraft:recipes/building_blocks/light_blue_concrete_powder": {
    "criteria": {
      "has_sand": "2024-10-13 17:07:05 +0000"
    },
    "done": true
  },
  "minecraft:recipes/building_blocks/green_concrete_powder": {
    "criteria": {
      "has_sand": "2024-10-13 17:07:05 +0000"
    },
    "done": true
  },
  "minecraft:recipes/building_blocks/blue_concrete_powder": {
    "criteria": {
      "has_sand": "2024-10-13 17:07:05 +0000"
    },
    "done": true
  },
  "minecraft:recipes/building_blocks/white_concrete_powder": {
    "criteria": {
      "has_sand": "2024-10-13 17:07:05 +0000"
    },
    "done": true
  },
  "minecraft:recipes/building_blocks/lime_concrete_powder": {
    "criteria": {
      "has_sand": "2024-10-13 17:07:05 +0000"
    },
    "done": true
  },
  "minecraft:recipes/building_blocks/orange_concrete_powder": {
    "criteria": {
      "has_sand": "2024-10-13 17:07:05 +0000"
    },
    "done": true
  },
  "minecraft:recipes/building_blocks/magenta_concrete_powder": {
    "criteria": {
      "has_sand": "2024-10-13 17:07:05 +0000"
    },
    "done": true
  },
  "minecraft:recipes/building_blocks/yellow_concrete_powder": {
    "criteria": {
      "has_sand": "2024-10-13 17:07:05 +0000"
    },
    "done": true
  },
  "minecraft:recipes/building_blocks/sandstone": {
    "criteria": {
      "has_sand": "2024-10-13 17:07:05 +0000"
    },
    "done": true
  },
  "minecraft:recipes/building_blocks/gray_concrete_powder": {
    "criteria": {
      "has_sand": "2024-10-13 17:07:05 +0000"
    },
    "done": true
  },
  "minecraft:recipes/building_blocks/black_concrete_powder": {
    "criteria": {
      "has_sand": "2024-10-13 17:07:05 +0000"
    },
    "done": true
  },
  "minecraft:recipes/building_blocks/purple_concrete_powder": {
    "criteria": {
      "has_sand": "2024-10-13 17:07:05 +0000"
    },
    "done": true
  },
  "minecraft:recipes/building_blocks/cyan_concrete_powder": {
    "criteria": {
      "has_sand": "2024-10-13 17:07:05 +0000"
    },
    "done": true
  },
  "minecraft:recipes/building_blocks/light_blue_stained_glass": {
    "criteria": {
      "has_glass": "2024-10-13 17:08:22 +0000"
    },
    "done": true
  },
  "minecraft:recipes/building_blocks/green_stained_glass": {
    "criteria": {
      "has_glass": "2024-10-13 17:08:22 +0000"
    },
    "done": true
  },
  "minecraft:recipes/building_blocks/brown_stained_glass": {
    "criteria": {
      "has_glass": "2024-10-13 17:08:22 +0000"
    },
    "done": true
  },
  "minecraft:recipes/building_blocks/blue_stained_glass": {
    "criteria": {
      "has_glass": "2024-10-13 17:08:22 +0000"
    },
    "done": true
  },
  "minecraft:recipes/building_blocks/orange_stained_glass": {
    "criteria": {
      "has_glass": "2024-10-13 17:08:22 +0000"
    },
    "done": true
  },
  "minecraft:recipes/building_blocks/pink_stained_glass": {
    "criteria": {
      "has_glass": "2024-10-13 17:08:22 +0000"
    },
    "done": true
  },
  "minecraft:recipes/building_blocks/black_stained_glass": {
    "criteria": {
      "has_glass": "2024-10-13 17:08:22 +0000"
    },
    "done": true
  },
  "minecraft:recipes/building_blocks/gray_stained_glass": {
    "criteria": {
      "has_glass": "2024-10-13 17:08:22 +0000"
    },
    "done": true
  },
  "minecraft:recipes/building_blocks/lime_stained_glass": {
    "criteria": {
      "has_glass": "2024-10-13 17:08:22 +0000"
    },
    "done": true
  },
  "minecraft:recipes/decorations/glass_pane": {
    "criteria": {
      "has_glass": "2024-10-13 17:08:22 +0000"
    },
    "done": true
  },
  "minecraft:recipes/building_blocks/magenta_stained_glass": {
    "criteria": {
      "has_glass": "2024-10-13 17:08:22 +0000"
    },
    "done": true
  },
  "minecraft:recipes/building_blocks/white_stained_glass": {
    "criteria": {
      "has_glass": "2024-10-13 17:08:22 +0000"
    },
    "done": true
  },
  "minecraft:recipes/building_blocks/red_stained_glass": {
    "criteria": {
      "has_glass": "2024-10-13 17:08:22 +0000"
    },
    "done": true
  },
  "minecraft:recipes/brewing/glass_bottle": {
    "criteria": {
      "has_glass": "2024-10-13 17:08:22 +0000"
    },
    "done": true
  },
  "minecraft:recipes/building_blocks/light_gray_stained_glass": {
    "criteria": {
      "has_glass": "2024-10-13 17:08:22 +0000"
    },
    "done": true
  },
  "minecraft:recipes/building_blocks/cyan_stained_glass": {
    "criteria": {
      "has_glass": "2024-10-13 17:08:22 +0000"
    },
    "done": true
  },
  "minecraft:recipes/building_blocks/purple_stained_glass": {
    "criteria": {
      "has_glass": "2024-10-13 17:08:22 +0000"
    },
    "done": true
  },
  "minecraft:recipes/building_blocks/yellow_stained_glass": {
    "criteria": {
      "has_glass": "2024-10-13 17:08:22 +0000"
    },
    "done": true
  },
  "travelersbackpack:recipes/misc/squid": {
    "criteria": {
      "has_ink_sac": "2024-10-13 17:14:00 +0000"
    },
    "done": true
  },
  "minecraft:recipes/misc/black_dye": {
    "criteria": {
      "has_ink_sac": "2024-10-13 17:14:00 +0000"
    },
    "done": true
  },
  "minecraft:recipes/decorations/black_carpet": {
    "criteria": {
      "has_black_wool": "2024-10-13 17:14:18 +0000"
    },
    "done": true
  },
  "minecraft:recipes/decorations/black_banner": {
    "criteria": {
      "has_black_wool": "2024-10-13 17:14:18 +0000"
    },
    "done": true
  },
  "travelersbackpack:recipes/decorations/black_sleeping_bag": {
    "criteria": {
      "has_black_wool": "2024-10-13 17:14:18 +0000"
    },
    "done": true
  },
  "minecraft:recipes/decorations/black_bed": {
    "criteria": {
      "has_black_wool": "2024-10-13 17:14:18 +0000"
    },
    "done": true
  },
  "minecraft:recipes/building_blocks/dye_black_wool": {
    "criteria": {
      "has_the_recipe": "2024-10-13 17:14:18 +0000"
    },
    "done": true
  },
  "travelersbackpack:recipes/misc/standard_smithing": {
    "criteria": {
      "has_standard": "2024-10-13 17:15:16 +0000"
    },
    "done": true
  },
  "travelersbackpack:standard_from_custom": {
    "criteria": {
      "has_backpack": "2024-10-13 17:15:16 +0000"
    },
    "done": true
  },
  "minecraft:recipes/decorations/brown_banner": {
    "criteria": {
      "has_brown_wool": "2024-10-16 18:54:32 +0000"
    },
    "done": true
  },
  "minecraft:recipes/decorations/brown_bed": {
    "criteria": {
      "has_brown_wool": "2024-10-16 18:54:32 +0000"
    },
    "done": true
  },
  "minecraft:recipes/decorations/brown_carpet": {
    "criteria": {
      "has_brown_wool": "2024-10-16 18:54:32 +0000"
    },
    "done": true
  },
  "travelersbackpack:recipes/decorations/brown_sleeping_bag": {
    "criteria": {
      "has_brown_wool": "2024-10-16 18:54:32 +0000"
    },
    "done": true
  },
  "aether:recipes/combat/diamond_helmet_repairing": {
    "criteria": {
      "has_diamond_helmet": "2024-10-16 18:56:49 +0000"
    },
    "done": true
  },
  "aether:recipes/combat/diamond_boots_repairing": {
    "criteria": {
      "has_diamond_boots": "2024-10-16 18:56:49 +0000"
    },
    "done": true
  },
  "minecraft:recipes/decorations/stone_brick_wall": {
    "criteria": {
      "has_stone_bricks": "2024-10-16 19:03:47 +0000"
    },
    "done": true
  },
  "minecraft:recipes/building_blocks/cracked_stone_bricks": {
    "criteria": {
      "has_stone_bricks": "2024-10-16 19:03:47 +0000"
    },
    "done": true
  },
  "minecraft:recipes/building_blocks/stone_brick_stairs_from_stone_bricks_stonecutting": {
    "criteria": {
      "has_stone_bricks": "2024-10-16 19:03:47 +0000"
    },
    "done": true
  },
  "minecraft:recipes/building_blocks/stone_brick_stairs": {
    "criteria": {
      "has_stone_bricks": "2024-10-16 19:03:47 +0000"
    },
    "done": true
  },
  "minecraft:recipes/building_blocks/chiseled_stone_bricks": {
    "criteria": {
      "has_tag": "2024-10-16 19:03:47 +0000"
    },
    "done": true
  },
  "minecraft:recipes/decorations/stone_brick_wall_from_stone_bricks_stonecutting": {
    "criteria": {
      "has_stone_bricks": "2024-10-16 19:03:47 +0000"
    },
    "done": true
  },
  "minecraft:recipes/building_blocks/stone_brick_slab_from_stone_bricks_stonecutting": {
    "criteria": {
      "has_stone_bricks": "2024-10-16 19:03:47 +0000"
    },
    "done": true
  },
  "minecraft:recipes/building_blocks/stone_brick_slab": {
    "criteria": {
      "has_stone_bricks": "2024-10-16 19:03:47 +0000"
    },
    "done": true
  },
  "minecraft:recipes/building_blocks/chiseled_stone_bricks_from_stone_bricks_stonecutting": {
    "criteria": {
      "has_stone_bricks": "2024-10-16 19:03:47 +0000"
    },
    "done": true
  },
  "minecraft:recipes/decorations/mossy_stone_brick_wall": {
    "criteria": {
      "has_mossy_stone_bricks": "2024-10-16 19:03:48 +0000"
    },
    "done": true
  },
  "minecraft:recipes/building_blocks/mossy_stone_brick_slab": {
    "criteria": {
      "has_mossy_stone_bricks": "2024-10-16 19:03:48 +0000"
    },
    "done": true
  },
  "minecraft:recipes/building_blocks/mossy_stone_brick_stairs": {
    "criteria": {
      "has_mossy_stone_bricks": "2024-10-16 19:03:48 +0000"
    },
    "done": true
  },
  "minecraft:recipes/building_blocks/mossy_stone_brick_stairs_from_mossy_stone_brick_stonecutting": {
    "criteria": {
      "has_mossy_stone_bricks": "2024-10-16 19:03:48 +0000"
    },
    "done": true
  },
  "minecraft:recipes/decorations/mossy_stone_brick_wall_from_mossy_stone_brick_stonecutting": {
    "criteria": {
      "has_mossy_stone_bricks": "2024-10-16 19:03:48 +0000"
    },
    "done": true
  },
  "minecraft:recipes/building_blocks/mossy_stone_brick_slab_from_mossy_stone_brick_stonecutting": {
    "criteria": {
      "has_mossy_stone_bricks": "2024-10-16 19:03:48 +0000"
    },
    "done": true
  },
  "dungeons_arise:find_illager_corsair_or_illager_galley": {
    "criteria": {
      "location1": "2024-10-16 19:08:53 +0000"
    },
    "done": true
  },
  "aether:recipes/combat/iron_helmet_repairing": {
    "criteria": {
      "has_iron_helmet": "2024-10-16 19:10:10 +0000"
    },
    "done": true
  },
  "minecraft:recipes/food/cake": {
    "criteria": {
      "has_egg": "2024-10-16 19:18:34 +0000"
    },
    "done": true
  },
  "aether:recipes/food/skyroot_milk_bucket_cake": {
    "criteria": {
      "has_egg": "2024-10-16 19:18:34 +0000"
    },
    "done": true
  },
  "travelersbackpack:recipes/misc/cake": {
    "criteria": {
      "has_egg": "2024-10-16 19:18:34 +0000"
    },
    "done": true
  },
  "minecraft:recipes/decorations/snow": {
    "criteria": {
      "has_snowball": "2024-10-16 19:19:00 +0000"
    },
    "done": true
  },
  "travelersbackpack:recipes/misc/snow": {
    "criteria": {
      "has_snowball": "2024-10-16 19:19:00 +0000"
    },
    "done": true
  },
  "minecraft:recipes/building_blocks/snow_block": {
    "criteria": {
      "has_snowball": "2024-10-16 19:19:00 +0000"
    },
    "done": true
  },
  "minecraft:recipes/misc/gold_ingot_from_gold_block": {
    "criteria": {
      "has_gold_block": "2024-10-16 19:21:14 +0000"
    },
    "done": true
  },
  "minecraft:recipes/building_blocks/sandstone_slab": {
    "criteria": {
      "has_sandstone": "2024-10-18 22:44:59 +0000"
    },
    "done": true
  },
  "minecraft:recipes/building_blocks/smooth_sandstone_slab_from_smooth_sandstone_stonecutting": {
    "criteria": {
      "has_smooth_sandstone": "2024-10-18 22:45:01 +0000"
    },
    "done": true
  },
  "minecraft:recipes/building_blocks/smooth_sandstone": {
    "criteria": {
      "has_sandstone": "2024-10-18 22:44:59 +0000"
    },
    "done": true
  },
  "travelersbackpack:recipes/misc/sandstone": {
    "criteria": {
      "has_sandstone": "2024-10-18 22:44:59 +0000"
    },
    "done": true
  },
  "minecraft:recipes/decorations/sandstone_wall_from_sandstone_stonecutting": {
    "criteria": {
      "has_sandstone": "2024-10-18 22:44:59 +0000"
    },
    "done": true
  },
  "minecraft:recipes/building_blocks/cut_sandstone": {
    "criteria": {
      "has_sandstone": "2024-10-18 22:44:59 +0000"
    },
    "done": true
  },
  "dungeons_arise:find_typhon": {
    "criteria": {
      "location0": "2024-10-18 22:30:08 +0000"
    },
    "done": true
  },
  "minecraft:recipes/building_blocks/sandstone_stairs_from_sandstone_stonecutting": {
    "criteria": {
      "has_sandstone": "2024-10-18 22:44:59 +0000"
    },
    "done": true
  },
  "minecraft:recipes/building_blocks/smooth_sandstone_slab": {
    "criteria": {
      "has_smooth_sandstone": "2024-10-18 22:45:01 +0000"
    },
    "done": true
  },
  "biomesoplenty:recipes/misc/red_dye_from_waterlily": {
    "criteria": {
      "has_waterlily": "2024-10-18 22:31:36 +0000"
    },
    "done": true
  },
  "minecraft:recipes/building_blocks/smooth_sandstone_stairs_from_smooth_sandstone_stonecutting": {
    "criteria": {
      "has_smooth_sandstone": "2024-10-18 22:45:01 +0000"
    },
    "done": true
  },
  "minecraft:recipes/building_blocks/sandstone_stairs": {
    "criteria": {
      "has_sandstone": "2024-10-18 22:44:59 +0000"
    },
    "done": true
  },
  "minecraft:recipes/building_blocks/cut_sandstone_from_sandstone_stonecutting": {
    "criteria": {
      "has_sandstone": "2024-10-18 22:44:59 +0000"
    },
    "done": true
  },
  "minecraft:recipes/building_blocks/chiseled_sandstone_from_sandstone_stonecutting": {
    "criteria": {
      "has_sandstone": "2024-10-18 22:44:59 +0000"
    },
    "done": true
  },
  "minecraft:recipes/building_blocks/smooth_sandstone_stairs": {
    "criteria": {
      "has_smooth_sandstone": "2024-10-18 22:45:01 +0000"
    },
    "done": true
  },
  "minecraft:recipes/building_blocks/cut_sandstone_slab_from_sandstone_stonecutting": {
    "criteria": {
      "has_sandstone": "2024-10-18 22:44:59 +0000"
    },
    "done": true
  },
  "minecraft:recipes/building_blocks/sandstone_slab_from_sandstone_stonecutting": {
    "criteria": {
      "has_sandstone": "2024-10-18 22:44:59 +0000"
    },
    "done": true
  },
  "minecraft:recipes/decorations/sandstone_wall": {
    "criteria": {
      "has_sandstone": "2024-10-18 22:44:59 +0000"
    },
    "done": true
  },
  "DataVersion": 3465
}